--
-- PostgreSQL database dump
--

\restrict TNmTPAOSHZkzesSCMeydt0vNRyqpufKAc3DsnIwTGmzaxQXAFJ7bs0WcIdWroRJ

-- Dumped from database version 18.3 (Homebrew)
-- Dumped by pg_dump version 18.3 (Homebrew)

SET statement_timeout = 0;
SET lock_timeout = 0;
SET idle_in_transaction_session_timeout = 0;
SET transaction_timeout = 0;
SET client_encoding = 'UTF8';
SET standard_conforming_strings = on;
SELECT pg_catalog.set_config('search_path', '', false);
SET check_function_bodies = false;
SET xmloption = content;
SET client_min_messages = warning;
SET row_security = off;

--
-- Name: odts; Type: SCHEMA; Schema: -; Owner: odts_admin
--

CREATE SCHEMA odts;


ALTER SCHEMA odts OWNER TO odts_admin;

--
-- Name: pgcrypto; Type: EXTENSION; Schema: -; Owner: -
--

CREATE EXTENSION IF NOT EXISTS pgcrypto WITH SCHEMA public;


--
-- Name: EXTENSION pgcrypto; Type: COMMENT; Schema: -; Owner: 
--

COMMENT ON EXTENSION pgcrypto IS 'cryptographic functions';


SET default_tablespace = '';

SET default_table_access_method = heap;

--
-- Name: code_reference; Type: TABLE; Schema: odts; Owner: ajitverma
--

CREATE TABLE odts.code_reference (
    code_type character varying(50),
    code_label character varying(50),
    code character varying(20) NOT NULL,
    code_desc character varying(250),
    code_sort_order integer DEFAULT 0,
    created_by integer DEFAULT 0 NOT NULL,
    created_at timestamp without time zone DEFAULT CURRENT_TIMESTAMP NOT NULL,
    updated_by integer DEFAULT 0 NOT NULL,
    updated_at timestamp without time zone DEFAULT CURRENT_TIMESTAMP NOT NULL
);


ALTER TABLE odts.code_reference OWNER TO ajitverma;

--
-- Name: dealer_orders; Type: TABLE; Schema: odts; Owner: odts_admin
--

CREATE TABLE odts.dealer_orders (
    order_id integer NOT NULL,
    dealer_id integer NOT NULL,
    product_id integer NOT NULL,
    order_quantity integer NOT NULL,
    order_date timestamp without time zone NOT NULL,
    order_status character varying(255) NOT NULL,
    created_by integer DEFAULT 0 NOT NULL,
    created_at timestamp without time zone DEFAULT CURRENT_TIMESTAMP NOT NULL,
    updated_by integer NOT NULL,
    updated_at timestamp without time zone DEFAULT CURRENT_TIMESTAMP NOT NULL,
    party_id integer,
    preferred_location_code character varying(20),
    load_type_code character varying(20),
    CONSTRAINT dealer_orders_order_quantity_check CHECK ((order_quantity > 0))
);


ALTER TABLE odts.dealer_orders OWNER TO odts_admin;

--
-- Name: TABLE dealer_orders; Type: COMMENT; Schema: odts; Owner: odts_admin
--

COMMENT ON TABLE odts.dealer_orders IS 'Transaction Entity';


--
-- Name: dealer_orders_order_id_seq; Type: SEQUENCE; Schema: odts; Owner: odts_admin
--

ALTER TABLE odts.dealer_orders ALTER COLUMN order_id ADD GENERATED BY DEFAULT AS IDENTITY (
    SEQUENCE NAME odts.dealer_orders_order_id_seq
    START WITH 1
    INCREMENT BY 1
    NO MINVALUE
    NO MAXVALUE
    CACHE 1
);


--
-- Name: dealer_party; Type: TABLE; Schema: odts; Owner: ajitverma
--

CREATE TABLE odts.dealer_party (
    party_id integer NOT NULL,
    party_code character varying(255) NOT NULL,
    party_company_name character varying(255),
    party_name character varying(255),
    party_address text,
    party_phone character varying(255),
    party_email character varying(255),
    party_is_active_flag boolean DEFAULT true,
    created_by integer DEFAULT 0 NOT NULL,
    created_at timestamp without time zone DEFAULT CURRENT_TIMESTAMP NOT NULL,
    updated_by integer DEFAULT 0 NOT NULL,
    updated_at timestamp without time zone DEFAULT CURRENT_TIMESTAMP NOT NULL,
    dealer_id integer
);


ALTER TABLE odts.dealer_party OWNER TO ajitverma;

--
-- Name: dealer_party_party_id_seq; Type: SEQUENCE; Schema: odts; Owner: ajitverma
--

ALTER TABLE odts.dealer_party ALTER COLUMN party_id ADD GENERATED BY DEFAULT AS IDENTITY (
    SEQUENCE NAME odts.dealer_party_party_id_seq
    START WITH 1
    INCREMENT BY 1
    NO MINVALUE
    NO MAXVALUE
    CACHE 1
);


--
-- Name: dealers; Type: TABLE; Schema: odts; Owner: ajitverma
--

CREATE TABLE odts.dealers (
    dealer_id integer NOT NULL,
    dealer_code character varying(50) NOT NULL,
    dealer_name character varying(255),
    dealer_company_name character varying(255) NOT NULL,
    dealer_phone character varying(20),
    dealer_email character varying(255),
    dealer_address text,
    dealer_daily_limit integer,
    dealer_monthly_target integer,
    dealer_is_active_flag boolean DEFAULT true NOT NULL,
    created_by integer DEFAULT 0 NOT NULL,
    created_at timestamp without time zone DEFAULT CURRENT_TIMESTAMP NOT NULL,
    updated_by integer DEFAULT 0 NOT NULL,
    updated_at timestamp without time zone DEFAULT CURRENT_TIMESTAMP NOT NULL
);


ALTER TABLE odts.dealers OWNER TO ajitverma;

--
-- Name: dealers_dealer_id_seq; Type: SEQUENCE; Schema: odts; Owner: ajitverma
--

ALTER TABLE odts.dealers ALTER COLUMN dealer_id ADD GENERATED BY DEFAULT AS IDENTITY (
    SEQUENCE NAME odts.dealers_dealer_id_seq
    START WITH 1
    INCREMENT BY 1
    NO MINVALUE
    NO MAXVALUE
    CACHE 1
);


--
-- Name: order_dispatch; Type: TABLE; Schema: odts; Owner: odts_admin
--

CREATE TABLE odts.order_dispatch (
    dispatch_id integer NOT NULL,
    order_id integer NOT NULL,
    driver_id integer NOT NULL,
    dispatch_vehicle_number character varying(255),
    built_number character varying(255),
    dispatch_receipt text,
    created_by integer DEFAULT 0 NOT NULL,
    created_at timestamp without time zone DEFAULT CURRENT_TIMESTAMP NOT NULL,
    updated_by integer DEFAULT 0 NOT NULL,
    updated_at timestamp without time zone DEFAULT CURRENT_TIMESTAMP NOT NULL
);


ALTER TABLE odts.order_dispatch OWNER TO odts_admin;

--
-- Name: TABLE order_dispatch; Type: COMMENT; Schema: odts; Owner: odts_admin
--

COMMENT ON TABLE odts.order_dispatch IS 'Transaction Entity';


--
-- Name: order_dispatch_dispatch_id_seq; Type: SEQUENCE; Schema: odts; Owner: odts_admin
--

ALTER TABLE odts.order_dispatch ALTER COLUMN dispatch_id ADD GENERATED BY DEFAULT AS IDENTITY (
    SEQUENCE NAME odts.order_dispatch_dispatch_id_seq
    START WITH 1
    INCREMENT BY 1
    NO MINVALUE
    NO MAXVALUE
    CACHE 1
);


--
-- Name: products; Type: TABLE; Schema: odts; Owner: odts_admin
--

CREATE TABLE odts.products (
    product_id integer NOT NULL,
    product_name character varying(255) NOT NULL,
    product_desc text,
    product_is_active_flag boolean NOT NULL,
    created_by integer DEFAULT 0 NOT NULL,
    created_at timestamp without time zone DEFAULT CURRENT_TIMESTAMP NOT NULL,
    updated_by integer DEFAULT 0 NOT NULL,
    updated_at timestamp without time zone DEFAULT CURRENT_TIMESTAMP NOT NULL
);


ALTER TABLE odts.products OWNER TO odts_admin;

--
-- Name: products_product_id_seq; Type: SEQUENCE; Schema: odts; Owner: odts_admin
--

ALTER TABLE odts.products ALTER COLUMN product_id ADD GENERATED BY DEFAULT AS IDENTITY (
    SEQUENCE NAME odts.products_product_id_seq
    START WITH 1
    INCREMENT BY 1
    NO MINVALUE
    NO MAXVALUE
    CACHE 1
);


--
-- Name: user_login_audit; Type: TABLE; Schema: odts; Owner: ajitverma
--

CREATE TABLE odts.user_login_audit (
    login_audit_id integer NOT NULL,
    login_user_id integer NOT NULL,
    login_method character varying(255),
    login_status character varying(255),
    login_at timestamp without time zone DEFAULT CURRENT_TIMESTAMP NOT NULL,
    logout_at timestamp without time zone,
    login_ip_address character varying(255),
    login_is_active boolean DEFAULT false
);


ALTER TABLE odts.user_login_audit OWNER TO ajitverma;

--
-- Name: user_login_audit_login_audit_id_seq; Type: SEQUENCE; Schema: odts; Owner: ajitverma
--

ALTER TABLE odts.user_login_audit ALTER COLUMN login_audit_id ADD GENERATED BY DEFAULT AS IDENTITY (
    SEQUENCE NAME odts.user_login_audit_login_audit_id_seq
    START WITH 1
    INCREMENT BY 1
    NO MINVALUE
    NO MAXVALUE
    CACHE 1
);


--
-- Name: user_roles; Type: TABLE; Schema: odts; Owner: odts_admin
--

CREATE TABLE odts.user_roles (
    role_id integer NOT NULL,
    role_name character varying(255) NOT NULL,
    role_desc text,
    created_by integer DEFAULT 0 NOT NULL,
    created_at timestamp without time zone DEFAULT CURRENT_TIMESTAMP NOT NULL,
    updated_by integer DEFAULT 0 NOT NULL,
    updated_at timestamp without time zone DEFAULT CURRENT_TIMESTAMP NOT NULL
);


ALTER TABLE odts.user_roles OWNER TO odts_admin;

--
-- Name: TABLE user_roles; Type: COMMENT; Schema: odts; Owner: odts_admin
--

COMMENT ON TABLE odts.user_roles IS 'user roles';


--
-- Name: user_roles_role_id_seq; Type: SEQUENCE; Schema: odts; Owner: odts_admin
--

ALTER TABLE odts.user_roles ALTER COLUMN role_id ADD GENERATED BY DEFAULT AS IDENTITY (
    SEQUENCE NAME odts.user_roles_role_id_seq
    START WITH 1
    INCREMENT BY 1
    NO MINVALUE
    NO MAXVALUE
    CACHE 1
);


--
-- Name: users; Type: TABLE; Schema: odts; Owner: ajitverma
--

CREATE TABLE odts.users (
    user_id integer NOT NULL,
    user_role_id integer NOT NULL,
    dealer_id integer,
    user_login_name character varying(50) NOT NULL,
    password_hash text NOT NULL,
    user_name character varying(255),
    user_phone character varying(20),
    user_email character varying(255),
    user_is_active_flag boolean DEFAULT true NOT NULL,
    user_is_locked_flag boolean DEFAULT false NOT NULL,
    created_by integer DEFAULT 0 NOT NULL,
    created_at timestamp without time zone DEFAULT CURRENT_TIMESTAMP NOT NULL,
    updated_by integer DEFAULT 0 NOT NULL,
    updated_at timestamp without time zone DEFAULT CURRENT_TIMESTAMP NOT NULL
);


ALTER TABLE odts.users OWNER TO ajitverma;

--
-- Name: users_user_id_seq; Type: SEQUENCE; Schema: odts; Owner: ajitverma
--

ALTER TABLE odts.users ALTER COLUMN user_id ADD GENERATED BY DEFAULT AS IDENTITY (
    SEQUENCE NAME odts.users_user_id_seq
    START WITH 1
    INCREMENT BY 1
    NO MINVALUE
    NO MAXVALUE
    CACHE 1
);


--
-- Name: dealer_party; Type: TABLE; Schema: public; Owner: ajitverma
--

CREATE TABLE public.dealer_party (
    party_id integer NOT NULL,
    dealer_code character varying(255),
    party_code character varying(255),
    party_company_name character varying(255) NOT NULL,
    party_name character varying(255) NOT NULL,
    party_address text NOT NULL,
    party_phone character varying(255) NOT NULL,
    party_email character varying(255) NOT NULL,
    party_is_active_flag boolean DEFAULT true NOT NULL,
    created_by integer DEFAULT 0,
    created_at timestamp without time zone DEFAULT CURRENT_TIMESTAMP,
    updated_by integer DEFAULT 0,
    updated_at timestamp without time zone DEFAULT CURRENT_TIMESTAMP
);


ALTER TABLE public.dealer_party OWNER TO ajitverma;

--
-- Name: dealer_party_party_id_seq; Type: SEQUENCE; Schema: public; Owner: ajitverma
--

ALTER TABLE public.dealer_party ALTER COLUMN party_id ADD GENERATED BY DEFAULT AS IDENTITY (
    SEQUENCE NAME public.dealer_party_party_id_seq
    START WITH 1
    INCREMENT BY 1
    NO MINVALUE
    NO MAXVALUE
    CACHE 1
);


--
-- Name: odts_dealer_orders; Type: TABLE; Schema: public; Owner: ajitverma
--

CREATE TABLE public.odts_dealer_orders (
    order_id integer NOT NULL,
    dealer_id integer NOT NULL,
    product_id integer NOT NULL,
    source_location_id integer NOT NULL,
    order_quantity integer NOT NULL,
    order_start_date timestamp without time zone NOT NULL,
    order_status character varying(255) NOT NULL,
    created_at timestamp without time zone DEFAULT CURRENT_TIMESTAMP NOT NULL,
    updated_at timestamp without time zone DEFAULT CURRENT_TIMESTAMP NOT NULL,
    CONSTRAINT odts_dealer_orders_order_quantity_check CHECK ((order_quantity > 0))
);


ALTER TABLE public.odts_dealer_orders OWNER TO ajitverma;

--
-- Name: TABLE odts_dealer_orders; Type: COMMENT; Schema: public; Owner: ajitverma
--

COMMENT ON TABLE public.odts_dealer_orders IS 'Transaction Entity';


--
-- Name: odts_dealer_orders_order_id_seq; Type: SEQUENCE; Schema: public; Owner: ajitverma
--

ALTER TABLE public.odts_dealer_orders ALTER COLUMN order_id ADD GENERATED BY DEFAULT AS IDENTITY (
    SEQUENCE NAME public.odts_dealer_orders_order_id_seq
    START WITH 1
    INCREMENT BY 1
    NO MINVALUE
    NO MAXVALUE
    CACHE 1
);


--
-- Name: odts_dealers; Type: TABLE; Schema: public; Owner: ajitverma
--

CREATE TABLE public.odts_dealers (
    dealer_id integer NOT NULL,
    dealer_name character varying(255) NOT NULL,
    dealer_code character varying(50) NOT NULL,
    dealer_phone character varying(20),
    dealer_address text,
    dealer_is_active_flag boolean DEFAULT true NOT NULL,
    created_at timestamp without time zone DEFAULT CURRENT_TIMESTAMP NOT NULL,
    updated_at timestamp without time zone DEFAULT CURRENT_TIMESTAMP NOT NULL
);


ALTER TABLE public.odts_dealers OWNER TO ajitverma;

--
-- Name: TABLE odts_dealers; Type: COMMENT; Schema: public; Owner: ajitverma
--

COMMENT ON TABLE public.odts_dealers IS 'Master Entity, 
One Dealer → can have multiple Users';


--
-- Name: odts_dealers_dealer_id_seq; Type: SEQUENCE; Schema: public; Owner: ajitverma
--

ALTER TABLE public.odts_dealers ALTER COLUMN dealer_id ADD GENERATED BY DEFAULT AS IDENTITY (
    SEQUENCE NAME public.odts_dealers_dealer_id_seq
    START WITH 1
    INCREMENT BY 1
    NO MINVALUE
    NO MAXVALUE
    CACHE 1
);


--
-- Name: odts_locations; Type: TABLE; Schema: public; Owner: ajitverma
--

CREATE TABLE public.odts_locations (
    location_id integer NOT NULL,
    location_name character varying(255) NOT NULL,
    location_desc text,
    location_is_active_flag boolean NOT NULL,
    created_at timestamp without time zone DEFAULT CURRENT_TIMESTAMP NOT NULL,
    updated_at timestamp without time zone DEFAULT CURRENT_TIMESTAMP NOT NULL
);


ALTER TABLE public.odts_locations OWNER TO ajitverma;

--
-- Name: TABLE odts_locations; Type: COMMENT; Schema: public; Owner: ajitverma
--

COMMENT ON TABLE public.odts_locations IS 'Master Entity';


--
-- Name: odts_locations_location_id_seq; Type: SEQUENCE; Schema: public; Owner: ajitverma
--

ALTER TABLE public.odts_locations ALTER COLUMN location_id ADD GENERATED BY DEFAULT AS IDENTITY (
    SEQUENCE NAME public.odts_locations_location_id_seq
    START WITH 1
    INCREMENT BY 1
    NO MINVALUE
    NO MAXVALUE
    CACHE 1
);


--
-- Name: odts_order_dispatch; Type: TABLE; Schema: public; Owner: ajitverma
--

CREATE TABLE public.odts_order_dispatch (
    dispatch_id integer NOT NULL,
    order_id integer NOT NULL,
    driver_id integer NOT NULL,
    dispatch_vehicle_number character varying(255),
    built_number character varying(255),
    dispatch_receipt text,
    created_at timestamp without time zone DEFAULT CURRENT_TIMESTAMP NOT NULL,
    updated_at timestamp without time zone DEFAULT CURRENT_TIMESTAMP NOT NULL
);


ALTER TABLE public.odts_order_dispatch OWNER TO ajitverma;

--
-- Name: TABLE odts_order_dispatch; Type: COMMENT; Schema: public; Owner: ajitverma
--

COMMENT ON TABLE public.odts_order_dispatch IS 'Transaction Entity';


--
-- Name: odts_order_dispatch_dispatch_id_seq; Type: SEQUENCE; Schema: public; Owner: ajitverma
--

ALTER TABLE public.odts_order_dispatch ALTER COLUMN dispatch_id ADD GENERATED BY DEFAULT AS IDENTITY (
    SEQUENCE NAME public.odts_order_dispatch_dispatch_id_seq
    START WITH 1
    INCREMENT BY 1
    NO MINVALUE
    NO MAXVALUE
    CACHE 1
);


--
-- Name: odts_products; Type: TABLE; Schema: public; Owner: ajitverma
--

CREATE TABLE public.odts_products (
    product_id integer NOT NULL,
    product_name character varying(255) NOT NULL,
    product_desc text,
    product_is_active_flag boolean NOT NULL,
    created_at timestamp without time zone DEFAULT CURRENT_TIMESTAMP NOT NULL,
    updated_at timestamp without time zone DEFAULT CURRENT_TIMESTAMP NOT NULL
);


ALTER TABLE public.odts_products OWNER TO ajitverma;

--
-- Name: TABLE odts_products; Type: COMMENT; Schema: public; Owner: ajitverma
--

COMMENT ON TABLE public.odts_products IS 'Master Entity';


--
-- Name: odts_products_product_id_seq; Type: SEQUENCE; Schema: public; Owner: ajitverma
--

ALTER TABLE public.odts_products ALTER COLUMN product_id ADD GENERATED BY DEFAULT AS IDENTITY (
    SEQUENCE NAME public.odts_products_product_id_seq
    START WITH 1
    INCREMENT BY 1
    NO MINVALUE
    NO MAXVALUE
    CACHE 1
);


--
-- Name: odts_user_roles; Type: TABLE; Schema: public; Owner: ajitverma
--

CREATE TABLE public.odts_user_roles (
    role_id integer NOT NULL,
    role_name character varying(255) NOT NULL,
    role_desc text,
    created_at timestamp without time zone DEFAULT CURRENT_TIMESTAMP NOT NULL,
    updated_at timestamp without time zone DEFAULT CURRENT_TIMESTAMP NOT NULL
);


ALTER TABLE public.odts_user_roles OWNER TO ajitverma;

--
-- Name: TABLE odts_user_roles; Type: COMMENT; Schema: public; Owner: ajitverma
--

COMMENT ON TABLE public.odts_user_roles IS 'user roles';


--
-- Name: odts_user_roles_role_id_seq; Type: SEQUENCE; Schema: public; Owner: ajitverma
--

ALTER TABLE public.odts_user_roles ALTER COLUMN role_id ADD GENERATED BY DEFAULT AS IDENTITY (
    SEQUENCE NAME public.odts_user_roles_role_id_seq
    START WITH 1
    INCREMENT BY 1
    NO MINVALUE
    NO MAXVALUE
    CACHE 1
);


--
-- Name: odts_users; Type: TABLE; Schema: public; Owner: ajitverma
--

CREATE TABLE public.odts_users (
    user_id integer NOT NULL,
    user_name character varying(255) NOT NULL,
    user_phone character varying(20) NOT NULL,
    user_email character varying(255),
    password_hash text NOT NULL,
    user_is_active_flag boolean NOT NULL,
    user_role_id integer NOT NULL,
    dealer_id integer,
    created_at timestamp without time zone DEFAULT CURRENT_TIMESTAMP NOT NULL,
    updated_at timestamp without time zone DEFAULT CURRENT_TIMESTAMP NOT NULL
);


ALTER TABLE public.odts_users OWNER TO ajitverma;

--
-- Name: TABLE odts_users; Type: COMMENT; Schema: public; Owner: ajitverma
--

COMMENT ON TABLE public.odts_users IS 'users login into the application. ';


--
-- Name: odts_users_user_id_seq; Type: SEQUENCE; Schema: public; Owner: ajitverma
--

ALTER TABLE public.odts_users ALTER COLUMN user_id ADD GENERATED BY DEFAULT AS IDENTITY (
    SEQUENCE NAME public.odts_users_user_id_seq
    START WITH 1
    INCREMENT BY 1
    NO MINVALUE
    NO MAXVALUE
    CACHE 1
);


--
-- Data for Name: code_reference; Type: TABLE DATA; Schema: odts; Owner: ajitverma
--

COPY odts.code_reference (code_type, code_label, code, code_desc, code_sort_order, created_by, created_at, updated_by, updated_at) FROM stdin;
loading_type	\N	SLF_DOT	Self DOT (Dealer own truck)	1	1	2026-04-20 22:08:15.523828	0	2026-04-20 22:08:15.523828
loading_type	\N	CMP_TRN	Company Transport	2	1	2026-04-20 22:08:15.523828	0	2026-04-20 22:08:15.523828
loading_location	RAKE	RAK_CHA	Rake (Chaukhadi)	1	1	2026-04-20 22:08:15.523828	0	2026-04-20 22:08:15.523828
loading_location	RAKE	RAK_SHI	Rake (Shivpur)	2	1	2026-04-20 22:08:15.523828	0	2026-04-20 22:08:15.523828
loading_location	WAREHOUSE	WH_TAR	Warehouse (Tarna)	3	1	2026-04-20 22:08:15.523828	0	2026-04-20 22:08:15.523828
loading_location	WAREHOUSE	WH_GOE	Warehouse (Goenka)	4	1	2026-04-20 22:08:15.523828	0	2026-04-20 22:08:15.523828
loading_location	WAREHOUSE	WH_BHU	Warehouse (Bhupur)	5	1	2026-04-20 22:08:15.523828	0	2026-04-20 22:08:15.523828
loading_location	WAREHOUSE	WH_DAF	Warehouse (Dafi)	6	1	2026-04-20 22:08:15.523828	0	2026-04-20 22:08:15.523828
loading_location	WAREHOUSE	WH_OTH	Warehouse (Any other)	7	1	2026-04-20 22:08:15.523828	0	2026-04-20 22:08:15.523828
loading_location	SOW	SOW_BHA	SOW (Bhabhua)	8	1	2026-04-20 22:08:15.523828	0	2026-04-20 22:08:15.523828
loading_location	SOW	SOW_TEK	SOW (Tekaria)	9	1	2026-04-20 22:08:15.523828	0	2026-04-20 22:08:15.523828
\.


--
-- Data for Name: dealer_orders; Type: TABLE DATA; Schema: odts; Owner: odts_admin
--

COPY odts.dealer_orders (order_id, dealer_id, product_id, order_quantity, order_date, order_status, created_by, created_at, updated_by, updated_at, party_id, preferred_location_code, load_type_code) FROM stdin;
7	1	3	11	2026-04-21 19:43:05.856832	ORDER_PLACED	184	2026-04-21 19:43:05.856832	184	2026-04-21 19:43:05.856832	328	WH_TAR	CMP_TRN
6	1	1	10	2026-04-20 22:35:20.62514	ON_HOLD	184	2026-04-20 22:35:20.62514	184	2026-04-21 19:44:10.77429	2	RAK_CHA	SLF_DOT
8	1	2	12	2026-04-21 20:05:55.5695	ORDER_PLACED	184	2026-04-21 20:05:55.5695	184	2026-04-21 20:05:55.5695	329	RAK_CHA	SLF_DOT
\.


--
-- Data for Name: dealer_party; Type: TABLE DATA; Schema: odts; Owner: ajitverma
--

COPY odts.dealer_party (party_id, party_code, party_company_name, party_name, party_address, party_phone, party_email, party_is_active_flag, created_by, created_at, updated_by, updated_at, dealer_id) FROM stdin;
2	9111344015	A.K.BROTHERS	\N	VARANASI	\N	\N	t	0	2026-04-17 19:39:41.425427	0	2026-04-17 19:39:41.425427	1
4	9110097794	AJAY PAINT AND HARDWARE STORES	\N	VARANASI	\N	\N	t	0	2026-04-17 19:39:41.425427	0	2026-04-17 19:39:41.425427	2
5	9111395954	ADARSH BUILDING MATERIALS	\N	VARANASI	\N	\N	t	0	2026-04-17 19:39:41.425427	0	2026-04-17 19:39:41.425427	3
6	9110033143	AKASH ENTERPRISES	\N	VARANASI	\N	\N	t	0	2026-04-17 19:39:41.425427	0	2026-04-17 19:39:41.425427	3
7	9111341619	SHRI LAXMIPATI BALAJEE INTERPRISES	\N	VARANASI	\N	\N	t	0	2026-04-17 19:39:41.425427	0	2026-04-17 19:39:41.425427	3
8	9111396089	SHIV SHAKTI BUILDING MATERIAL	\N	VARANASI	\N	\N	t	0	2026-04-17 19:39:41.425427	0	2026-04-17 19:39:41.425427	3
9	9111393309	SHIVAM BUILDING MATERIAL	\N	VARANASI	\N	\N	t	0	2026-04-17 19:39:41.425427	0	2026-04-17 19:39:41.425427	3
10	9111450847	PRITAM BUILDING MATERIAL	\N	VARANASI	\N	\N	t	0	2026-04-17 19:39:41.425427	0	2026-04-17 19:39:41.425427	3
11	9111450845	PURVANCHAL STEEL UDYOG	\N	VARANASI	\N	\N	t	0	2026-04-17 19:39:41.425427	0	2026-04-17 19:39:41.425427	3
12	9111395959	NAV DURGA ENTERPRISES	\N	VARANASI	\N	\N	t	0	2026-04-17 19:39:41.425427	0	2026-04-17 19:39:41.425427	3
13	9111395237	ARVIND CHAUBEY	\N	VARANASI	\N	\N	t	0	2026-04-17 19:39:41.425427	0	2026-04-17 19:39:41.425427	3
14	9111282887	AYUSH ENTERPRISES	\N	VARANASI	\N	\N	t	0	2026-04-17 19:39:41.425427	0	2026-04-17 19:39:41.425427	3
15	9111395238	KHUSHI ENTERPRISES	\N	VARANASI	\N	\N	t	0	2026-04-17 19:39:41.425427	0	2026-04-17 19:39:41.425427	3
16	9111441930	DILEEP KUMAR JAISWAL	\N	VARANASI	\N	\N	t	0	2026-04-17 19:39:41.425427	0	2026-04-17 19:39:41.425427	3
17	9111486627	AZEEM BUILDING MATERIAL	\N	VARANASI	\N	\N	t	0	2026-04-17 19:39:41.425427	0	2026-04-17 19:39:41.425427	3
18	9111153859	SUNIL BUILDING MATERIAL	\N	VARANASI	\N	\N	t	0	2026-04-17 19:39:41.425427	0	2026-04-17 19:39:41.425427	3
19	9111482874	MAA AMBE BUILDING MATERIAL	\N	VARANASI	\N	\N	t	0	2026-04-17 19:39:41.425427	0	2026-04-17 19:39:41.425427	3
20	9111249789	SHRI BALAJI BUILDING MATERIAL	\N	VARANASI	\N	\N	t	0	2026-04-17 19:39:41.425427	0	2026-04-17 19:39:41.425427	3
21	9111437592	RAJNATH BUILDING MATERIALS	\N	VARANASI	\N	\N	t	0	2026-04-17 19:39:41.425427	0	2026-04-17 19:39:41.425427	3
22	9111393307	MISHRA BUILDING MATERIAL	\N	VARANASI	\N	\N	t	0	2026-04-17 19:39:41.425427	0	2026-04-17 19:39:41.425427	3
23	9111441929	SATYANANT ENTERPRISES	\N	VARANASI	\N	\N	t	0	2026-04-17 19:39:41.425427	0	2026-04-17 19:39:41.425427	3
24	9111396088	SENGER BUILDING MATERIAL	\N	VARANASI	\N	\N	t	0	2026-04-17 19:39:41.425427	0	2026-04-17 19:39:41.425427	3
25	9111393308	BAJRANG HARDWARE & BUILDING MATERIA	\N	VARANASI	\N	\N	t	0	2026-04-17 19:39:41.425427	0	2026-04-17 19:39:41.425427	3
26	9111441928	SADGURU ENTERPRISES	\N	VARANASI	\N	\N	t	0	2026-04-17 19:39:41.425427	0	2026-04-17 19:39:41.425427	3
27	9111439952	OM BUILDING MATERIAL	\N	VARANASI	\N	\N	t	0	2026-04-17 19:39:41.425427	0	2026-04-17 19:39:41.425427	4
28	9111490755	S K ENTERPRISES	\N	VARANASI	\N	\N	t	0	2026-04-17 19:39:41.425427	0	2026-04-17 19:39:41.425427	4
29	9111472814	CHIRANJEEVI CONSTRUCTION	\N	VARANASI	\N	\N	t	0	2026-04-17 19:39:41.425427	0	2026-04-17 19:39:41.425427	4
30	9110117683	AKK TRADERS	\N	VARANASI	\N	\N	t	0	2026-04-17 19:39:41.425427	0	2026-04-17 19:39:41.425427	4
31	9111396158	AMBA TRADERS	\N	VARANASI	\N	\N	t	0	2026-04-17 19:39:41.425427	0	2026-04-17 19:39:41.425427	4
32	9111372887	BHARAT ENTERPRISES	\N	VARANASI	\N	\N	t	0	2026-04-17 19:39:41.425427	0	2026-04-17 19:39:41.425427	4
33	9111367518	NASEER KHAN	\N	VARANASI	\N	\N	t	0	2026-04-17 19:39:41.425427	0	2026-04-17 19:39:41.425427	4
34	9111369361	SHYAMA ENTERPRISES	\N	VARANASI	\N	\N	t	0	2026-04-17 19:39:41.425427	0	2026-04-17 19:39:41.425427	4
35	9111470298	AVANI BUILDING MATERIAL	\N	VARANASI	\N	\N	t	0	2026-04-17 19:39:41.425427	0	2026-04-17 19:39:41.425427	4
36	9111388702	KHAN BUILDING MATERIAL	\N	VARANASI	\N	\N	t	0	2026-04-17 19:39:41.425427	0	2026-04-17 19:39:41.425427	4
37	9111356849	SHUBHI BUILDING MATERIAL	\N	VARANASI	\N	\N	t	0	2026-04-17 19:39:41.425427	0	2026-04-17 19:39:41.425427	4
38	9111389988	VARANASI CONCRETE	\N	VARANASI	\N	\N	t	0	2026-04-17 19:39:41.425427	0	2026-04-17 19:39:41.425427	4
39	9111388703	KHAN AND SONS	\N	VARANASI	\N	\N	t	0	2026-04-17 19:39:41.425427	0	2026-04-17 19:39:41.425427	4
40	9110235610	AMAN BUILDING MATERIALS	\N	VARANASI	\N	\N	t	0	2026-04-17 19:39:41.425427	0	2026-04-17 19:39:41.425427	5
41	9111480449	OM SAKSHI TRADERS	\N	VARANASI	\N	\N	t	0	2026-04-17 19:39:41.425427	0	2026-04-17 19:39:41.425427	6
42	9110221017	AMAR CONSTRUCTIONS AND SUPPLIER	\N	VARANASI	\N	\N	t	0	2026-04-17 19:39:41.425427	0	2026-04-17 19:39:41.425427	6
43	9111463830	A P BUILDING MATERIALS	\N	VARANASI	\N	\N	t	0	2026-04-17 19:39:41.425427	0	2026-04-17 19:39:41.425427	6
44	9111489817	DHEER ENTERPRISES	\N	VARANASI	\N	\N	t	0	2026-04-17 19:39:41.425427	0	2026-04-17 19:39:41.425427	6
45	9111348632	SHYAM LAL JINDAL	\N	VARANASI	\N	\N	t	0	2026-04-17 19:39:41.425427	0	2026-04-17 19:39:41.425427	7
46	9110033203	ANJALI ENTERPRISES	\N	VARANASI	\N	\N	t	0	2026-04-17 19:39:41.425427	0	2026-04-17 19:39:41.425427	7
47	9111394841	VERMA LIME STORE	\N	VARANASI	\N	\N	t	0	2026-04-17 19:39:41.425427	0	2026-04-17 19:39:41.425427	7
48	9110202061	ANKIT BUILDING MATERIALS	\N	VARANASI	\N	\N	t	0	2026-04-17 19:39:41.425427	0	2026-04-17 19:39:41.425427	8
49	9110208385	ANUJ TRADING COMPANY	\N	VARANASI	\N	\N	t	0	2026-04-17 19:39:41.425427	0	2026-04-17 19:39:41.425427	9
50	9111442997	MAA SANKTHA ENTERPRISES	\N	VARANASI	\N	\N	t	0	2026-04-17 19:39:41.425427	0	2026-04-17 19:39:41.425427	9
51	9110207934	AWANTI CEMENT AGENCY	\N	VARANASI	\N	\N	t	0	2026-04-17 19:39:41.425427	0	2026-04-17 19:39:41.425427	10
52	9111414832	DINESH KUMAR VERMA	\N	VARANASI	\N	\N	t	0	2026-04-17 19:39:41.425427	0	2026-04-17 19:39:41.425427	10
53	9111443375	SAROJ DEVI	\N	VARANASI	\N	\N	t	0	2026-04-17 19:39:41.425427	0	2026-04-17 19:39:41.425427	10
54	9110217758	AYUSH TRADING COMPANY	\N	VARANASI	\N	\N	t	0	2026-04-17 19:39:41.425427	0	2026-04-17 19:39:41.425427	11
55	9110235576	BEMISHAL CEMENT AGENCY	\N	VARANASI	\N	\N	t	0	2026-04-17 19:39:41.425427	0	2026-04-17 19:39:41.425427	12
56	9110232851	BHAGIRATHI CONSTRUCTION AND SUPPLIE	\N	VARANASI	\N	\N	t	0	2026-04-17 19:39:41.425427	0	2026-04-17 19:39:41.425427	13
57	9110092659	BHOLE NATH ENTERPRISES	\N	VARANASI	\N	\N	t	0	2026-04-17 19:39:41.425427	0	2026-04-17 19:39:41.425427	14
58	9111063700	KAMAKYHA ENTERPRISES	\N	VARANASI	\N	\N	t	0	2026-04-17 19:39:41.425427	0	2026-04-17 19:39:41.425427	15
59	9111311873	KHALIK BUILDING MATERIAL	\N	VARANASI	\N	\N	t	0	2026-04-17 19:39:41.425427	0	2026-04-17 19:39:41.425427	15
60	9110033101	BIRASAN ENTERPRISES	\N	VARANASI	\N	\N	t	0	2026-04-17 19:39:41.425427	0	2026-04-17 19:39:41.425427	15
61	9111480498	AARADHY BUILDING MATERIAL	\N	VARANASI	\N	\N	t	0	2026-04-17 19:39:41.425427	0	2026-04-17 19:39:41.425427	16
328	AJITPART_85841	Ajit party	\N	ALPHA1, GREATER NOIDA	3433454534	\N	t	184	2026-04-21 19:43:05.848692	184	2026-04-21 19:43:05.848692	1
62	9110187050	DAYAL TRADERS	\N	VARANASI	\N	\N	t	0	2026-04-17 19:39:41.425427	0	2026-04-17 19:39:41.425427	16
63	9111434373	R S CONSTRUCTION AGENCY	\N	VARANASI	\N	\N	t	0	2026-04-17 19:39:41.425427	0	2026-04-17 19:39:41.425427	16
64	9111447527	HARSHIT ENTERPRISES	\N	VARANASI	\N	\N	t	0	2026-04-17 19:39:41.425427	0	2026-04-17 19:39:41.425427	17
66	9111330368	VERMA CEMENT AGENCY	\N	VARANASI	\N	\N	t	0	2026-04-17 19:39:41.425427	0	2026-04-17 19:39:41.425427	17
67	9111066186	CHANDEL ENTERPRISES	\N	VARANASI	\N	\N	t	0	2026-04-17 19:39:41.425427	0	2026-04-17 19:39:41.425427	17
68	9111432362	VIBHA ENTERPRISES	\N	VARANASI	\N	\N	t	0	2026-04-17 19:39:41.425427	0	2026-04-17 19:39:41.425427	17
69	9111392099	GAURAV TRADERS	\N	VARANASI	\N	\N	t	0	2026-04-17 19:39:41.425427	0	2026-04-17 19:39:41.425427	17
70	9111205007	S KUMAR BUILDING MATERIAL	\N	VARANASI	\N	\N	t	0	2026-04-17 19:39:41.425427	0	2026-04-17 19:39:41.425427	17
71	9111299352	POORNIMA ENTERPRISES	\N	VARANASI	\N	\N	t	0	2026-04-17 19:39:41.425427	0	2026-04-17 19:39:41.425427	17
72	9111408192	OM ENTERPRISES	\N	VARANASI	\N	\N	t	0	2026-04-17 19:39:41.425427	0	2026-04-17 19:39:41.425427	17
73	9110204851	DIVYANSH BUILDING MATERIAL	\N	VARANASI	\N	\N	t	0	2026-04-17 19:39:41.425427	0	2026-04-17 19:39:41.425427	18
74	9111452654	SHIDRATH ENTERPRISES	\N	VARANASI	\N	\N	t	0	2026-04-17 19:39:41.425427	0	2026-04-17 19:39:41.425427	19
75	9111489795	VISHAL BUILDING MATERIALS	\N	VARANASI	\N	\N	t	0	2026-04-17 19:39:41.425427	0	2026-04-17 19:39:41.425427	19
76	9110209421	FVS TRADING CORPORATION	\N	VARANASI	\N	\N	t	0	2026-04-17 19:39:41.425427	0	2026-04-17 19:39:41.425427	19
77	9111470084	SHIVAM SINGH	\N	VARANASI	\N	\N	t	0	2026-04-17 19:39:41.425427	0	2026-04-17 19:39:41.425427	19
78	9110144134	G S TRADERS	\N	VARANASI	\N	\N	t	0	2026-04-17 19:39:41.425427	0	2026-04-17 19:39:41.425427	20
79	9111400344	ABRAR KHAN	\N	VARANASI	\N	\N	t	0	2026-04-17 19:39:41.425427	0	2026-04-17 19:39:41.425427	20
80	9111413749	ABHAY YADAV	\N	VARANASI	\N	\N	t	0	2026-04-17 19:39:41.425427	0	2026-04-17 19:39:41.425427	20
81	9110184692	GEETA BUILDING MATERIAL	\N	VARANASI	\N	\N	t	0	2026-04-17 19:39:41.425427	0	2026-04-17 19:39:41.425427	21
82	9110178852	HARSH CEMENT AGENCY	\N	VARANASI	\N	\N	t	0	2026-04-17 19:39:41.425427	0	2026-04-17 19:39:41.425427	22
83	9110173220	HEMANT ENTERPRISES	\N	VARANASI	\N	\N	t	0	2026-04-17 19:39:41.425427	0	2026-04-17 19:39:41.425427	23
84	9111489818	JAI AMBEY TRADERS	\N	VARANASI	\N	\N	t	0	2026-04-17 19:39:41.425427	0	2026-04-17 19:39:41.425427	23
85	9110206595	JAY AMBEY ENTERPRISES	\N	VARANASI	\N	\N	t	0	2026-04-17 19:39:41.425427	0	2026-04-17 19:39:41.425427	24
86	9111458482	R R CHAURASHIYA BUILDING MATERIAL	\N	VARANASI	\N	\N	t	0	2026-04-17 19:39:41.425427	0	2026-04-17 19:39:41.425427	24
87	9110202060	JYOTI BUILDING MATERIALS	\N	VARANASI	\N	\N	t	0	2026-04-17 19:39:41.425427	0	2026-04-17 19:39:41.425427	25
88	9111456432	PARVATI BUILDING MATERIAL	\N	VARANASI	\N	\N	t	0	2026-04-17 19:39:41.425427	0	2026-04-17 19:39:41.425427	25
89	9110171676	KAMAL ENTERPRISES	\N	VARANASI	\N	\N	t	0	2026-04-17 19:39:41.425427	0	2026-04-17 19:39:41.425427	26
90	9110236010	KESHARWANI AGENCIES	\N	VARANASI	\N	\N	t	0	2026-04-17 19:39:41.425427	0	2026-04-17 19:39:41.425427	27
91	9110170402	KOMAL ENTERPRISES	\N	VARANASI	\N	\N	t	0	2026-04-17 19:39:41.425427	0	2026-04-17 19:39:41.425427	28
92	9110045030	KRIPA SHANKAR SINGH	\N	VARANASI	\N	\N	t	0	2026-04-17 19:39:41.425427	0	2026-04-17 19:39:41.425427	29
93	9110225636	KRIPA TRADERS	\N	VARANASI	\N	\N	t	0	2026-04-17 19:39:41.425427	0	2026-04-17 19:39:41.425427	30
97	9110146501	KRISHNA ENTERPRISES	\N	VARANASI	\N	\N	t	0	2026-04-17 19:39:41.425427	0	2026-04-17 19:39:41.425427	\N
94	9110205222	KRISHNA ENTERPRISES	\N	VARANASI	\N	\N	t	0	2026-04-17 19:39:41.425427	0	2026-04-17 19:39:41.425427	31
95	9111439951	NARAYAN ENTERPRISES	\N	VARANASI	\N	\N	t	0	2026-04-17 19:39:41.425427	0	2026-04-17 19:39:41.425427	31
96	9111437590	AKANCHHA ENTERPRISES	\N	VARANASI	\N	\N	t	0	2026-04-17 19:39:41.425427	0	2026-04-17 19:39:41.425427	31
98	9110203758	KRV ENTERPRISES	\N	VARANASI	\N	\N	t	0	2026-04-17 19:39:41.425427	0	2026-04-17 19:39:41.425427	32
99	9110234954	M K ENTERPRISES	\N	VARANASI	\N	\N	t	0	2026-04-17 19:39:41.425427	0	2026-04-17 19:39:41.425427	33
100	9110190952	MAA VAISHNO ENTERPRISES	\N	VARANASI	\N	\N	t	0	2026-04-17 19:39:41.425427	0	2026-04-17 19:39:41.425427	34
101	9111456645	PATEL ENTERPRISE	\N	VARANASI	\N	\N	t	0	2026-04-17 19:39:41.425427	0	2026-04-17 19:39:41.425427	35
102	9111480441	JAI MAA KALI HARDWARE SANITARY AND	\N	VARANASI	\N	\N	t	0	2026-04-17 19:39:41.425427	0	2026-04-17 19:39:41.425427	35
103	9111450846	ARPIT ENTERPRISES	\N	VARANASI	\N	\N	t	0	2026-04-17 19:39:41.425427	0	2026-04-17 19:39:41.425427	35
104	9110172831	MAA VASHINO HARDWARE BUILDING	\N	VARANASI	\N	\N	t	0	2026-04-17 19:39:41.425427	0	2026-04-17 19:39:41.425427	35
105	9111382007	KARAN CONSTRUCTION	\N	VARANASI	\N	\N	t	0	2026-04-17 19:39:41.425427	0	2026-04-17 19:39:41.425427	35
106	9110130915	MAHARAJ JI BUILDING MATERIAL	\N	VARANASI	\N	\N	t	0	2026-04-17 19:39:41.425427	0	2026-04-17 19:39:41.425427	36
107	9110187741	MAHAVEER ENTERPRISES	\N	VARANASI	\N	\N	t	0	2026-04-17 19:39:41.425427	0	2026-04-17 19:39:41.425427	37
108	9110092656	MALTI BUILDING MATERIAL	\N	VARANASI	\N	\N	t	0	2026-04-17 19:39:41.425427	0	2026-04-17 19:39:41.425427	38
109	9111490758	GAUTAMI STEELS	\N	VARANASI	\N	\N	t	0	2026-04-17 19:39:41.425427	0	2026-04-17 19:39:41.425427	39
110	9110208384	MATICOTECH INFRASTRUCTURE PVT LTD	\N	VARANASI	\N	\N	t	0	2026-04-17 19:39:41.425427	0	2026-04-17 19:39:41.425427	39
111	9111452655	JAMUNA PRASAD GAYA PRASAD	\N	VARANASI	\N	\N	t	0	2026-04-17 19:39:41.425427	0	2026-04-17 19:39:41.425427	40
112	9110217209	MISHRA BUILDING SOLUTIONS	\N	VARANASI	\N	\N	t	0	2026-04-17 19:39:41.425427	0	2026-04-17 19:39:41.425427	40
113	9110231172	MOURYA ENTERRPISES	\N	VARANASI	\N	\N	t	0	2026-04-17 19:39:41.425427	0	2026-04-17 19:39:41.425427	41
114	9111432573	ROHIT CEMENT AGENCY	\N	VARANASI	\N	\N	t	0	2026-04-17 19:39:41.425427	0	2026-04-17 19:39:41.425427	42
115	9110228566	NEW PRADEEP STEELS	\N	VARANASI	\N	\N	t	0	2026-04-17 19:39:41.425427	0	2026-04-17 19:39:41.425427	42
116	9111343558	SIDDHART TRADERS	\N	VARANASI	\N	\N	t	0	2026-04-17 19:39:41.425427	0	2026-04-17 19:39:41.425427	42
117	9111424087	VIVEK CEMENT AGENCY	\N	VARANASI	\N	\N	t	0	2026-04-17 19:39:41.425427	0	2026-04-17 19:39:41.425427	42
118	9111380045	GOPAL ENTERPRISES	\N	VARANASI	\N	\N	t	0	2026-04-17 19:39:41.425427	0	2026-04-17 19:39:41.425427	42
119	9111346005	KRISHNA ENTERPRISES	\N	VARANASI	\N	\N	t	0	2026-04-17 19:39:41.425427	0	2026-04-17 19:39:41.425427	42
120	9111188823	FRIENDS ENTERPRISES	\N	VARANASI	\N	\N	t	0	2026-04-17 19:39:41.425427	0	2026-04-17 19:39:41.425427	42
121	9111203452	JAISWAL CEMENT AGENCY	\N	VARANASI	\N	\N	t	0	2026-04-17 19:39:41.425427	0	2026-04-17 19:39:41.425427	42
122	9111331033	MAA BAGESHWARI ENTERPRISES	\N	VARANASI	\N	\N	t	0	2026-04-17 19:39:41.425427	0	2026-04-17 19:39:41.425427	42
123	9111345770	GAURAV ENTERPRISES	\N	VARANASI	\N	\N	t	0	2026-04-17 19:39:41.425427	0	2026-04-17 19:39:41.425427	42
124	9111346004	AGRAHARI CEMENT AGENCY	\N	VARANASI	\N	\N	t	0	2026-04-17 19:39:41.425427	0	2026-04-17 19:39:41.425427	42
125	9111394842	BABA KINARAM TRADERS	\N	VARANASI	\N	\N	t	0	2026-04-17 19:39:41.425427	0	2026-04-17 19:39:41.425427	42
126	9111486628	ADITI CONSTRUCTION	\N	VARANASI	\N	\N	t	0	2026-04-17 19:39:41.425427	0	2026-04-17 19:39:41.425427	42
127	9111236126	SUNIL KUMAR	\N	VARANASI	\N	\N	t	0	2026-04-17 19:39:41.425427	0	2026-04-17 19:39:41.425427	42
128	9111392096	SANJANA STEELS	\N	VARANASI	\N	\N	t	0	2026-04-17 19:39:41.425427	0	2026-04-17 19:39:41.425427	42
129	9111416945	SHUBH BUILDING MATERIAL	\N	VARANASI	\N	\N	t	0	2026-04-17 19:39:41.425427	0	2026-04-17 19:39:41.425427	42
130	9111418150	MAYANK TRADERS	\N	VARANASI	\N	\N	t	0	2026-04-17 19:39:41.425427	0	2026-04-17 19:39:41.425427	42
131	9111475008	HAYAN TRADERS	\N	VARANASI	\N	\N	t	0	2026-04-17 19:39:41.425427	0	2026-04-17 19:39:41.425427	42
132	9111188825	SALIM BUILDING MATERIAL	\N	VARANASI	\N	\N	t	0	2026-04-17 19:39:41.425427	0	2026-04-17 19:39:41.425427	42
133	9111456418	JAI MAA ENTERPRISES	\N	VARANASI	\N	\N	t	0	2026-04-17 19:39:41.425427	0	2026-04-17 19:39:41.425427	42
134	9111410766	ANKUR AGRAHARI	\N	VARANASI	\N	\N	t	0	2026-04-17 19:39:41.425427	0	2026-04-17 19:39:41.425427	42
135	9111378581	GANPATI ENTERPRISES	\N	VARANASI	\N	\N	t	0	2026-04-17 19:39:41.425427	0	2026-04-17 19:39:41.425427	42
136	9111238061	ALOK KUMAR GUPTA	\N	VARANASI	\N	\N	t	0	2026-04-17 19:39:41.425427	0	2026-04-17 19:39:41.425427	42
137	9111188822	RAM SUMER & SONS	\N	VARANASI	\N	\N	t	0	2026-04-17 19:39:41.425427	0	2026-04-17 19:39:41.425427	42
138	9111449028	KRISHNA TRADERS	\N	VARANASI	\N	\N	t	0	2026-04-17 19:39:41.425427	0	2026-04-17 19:39:41.425427	42
139	9111380046	HARE KRISHNA CEMENT STORE	\N	VARANASI	\N	\N	t	0	2026-04-17 19:39:41.425427	0	2026-04-17 19:39:41.425427	42
140	9111437591	INDRASANI BUILDING MATERIAL	\N	VARANASI	\N	\N	t	0	2026-04-17 19:39:41.425427	0	2026-04-17 19:39:41.425427	42
141	9111271757	ASHUTOSH ENTERPRISES	\N	VARANASI	\N	\N	t	0	2026-04-17 19:39:41.425427	0	2026-04-17 19:39:41.425427	42
142	9111190464	SHIV BUILDING MATERILS	\N	VARANASI	\N	\N	t	0	2026-04-17 19:39:41.425427	0	2026-04-17 19:39:41.425427	42
143	9110200556	OM BUILDING MATERIAL	\N	VARANASI	\N	\N	t	0	2026-04-17 19:39:41.425427	0	2026-04-17 19:39:41.425427	43
144	9110170948	OM SHIV BHOLE BUILDING MATERIAL	\N	VARANASI	\N	\N	t	0	2026-04-17 19:39:41.425427	0	2026-04-17 19:39:41.425427	44
145	9110234216	OM SHREE SAI NATH ENTERPRISES	\N	VARANASI	\N	\N	t	0	2026-04-17 19:39:41.425427	0	2026-04-17 19:39:41.425427	45
146	9110033198	OM TRADERS	\N	VARANASI	\N	\N	t	0	2026-04-17 19:39:41.425427	0	2026-04-17 19:39:41.425427	46
147	9111460257	SHUBHI TRADERS	\N	VARANASI	\N	\N	t	0	2026-04-17 19:39:41.425427	0	2026-04-17 19:39:41.425427	47
148	9110220921	PARTH BUILDCON	\N	VARANASI	\N	\N	t	0	2026-04-17 19:39:41.425427	0	2026-04-17 19:39:41.425427	47
149	9110178792	PATHAK BUILDING MATERIALS	\N	VARANASI	\N	\N	t	0	2026-04-17 19:39:41.425427	0	2026-04-17 19:39:41.425427	48
150	9110237589	PAWAN ENTERPRISES	\N	VARANASI	\N	\N	t	0	2026-04-17 19:39:41.425427	0	2026-04-17 19:39:41.425427	49
151	9111150322	SHASHANK CEMENT AGENCEY	\N	VARANASI	\N	\N	t	0	2026-04-17 19:39:41.425427	0	2026-04-17 19:39:41.425427	50
152	9111150321	JAISWAL CEMENT STORE	\N	VARANASI	\N	\N	t	0	2026-04-17 19:39:41.425427	0	2026-04-17 19:39:41.425427	50
153	9111169467	JAI PRAKASH SINGH	\N	VARANASI	\N	\N	t	0	2026-04-17 19:39:41.425427	0	2026-04-17 19:39:41.425427	50
154	9111169457	JP BUILDERS	\N	VARANASI	\N	\N	t	0	2026-04-17 19:39:41.425427	0	2026-04-17 19:39:41.425427	50
155	9111367092	ADITYA RAJ JAISWAL	\N	VARANASI	\N	\N	t	0	2026-04-17 19:39:41.425427	0	2026-04-17 19:39:41.425427	50
156	9111169452	PUJA CEMENT AGENCY	\N	VARANASI	\N	\N	t	0	2026-04-17 19:39:41.425427	0	2026-04-17 19:39:41.425427	50
157	9110046614	PURWAR CEMENT BHANDAR	\N	VARANASI	\N	\N	t	0	2026-04-17 19:39:41.425427	0	2026-04-17 19:39:41.425427	50
158	9110033210	R K BUILDING MATERIAL	\N	VARANASI	\N	\N	t	0	2026-04-17 19:39:41.425427	0	2026-04-17 19:39:41.425427	51
159	9111472813	JYOTSANA ENTERPRISES	\N	VARANASI	\N	\N	t	0	2026-04-17 19:39:41.425427	0	2026-04-17 19:39:41.425427	52
160	9110225594	RAGINI ENTERPRISES	\N	VARANASI	\N	\N	t	0	2026-04-17 19:39:41.425427	0	2026-04-17 19:39:41.425427	52
161	9111472812	MAA GAYATRI TRADERS	\N	VARANASI	\N	\N	t	0	2026-04-17 19:39:41.425427	0	2026-04-17 19:39:41.425427	52
162	9110070000	RAJARAM OMPRAKASH IRON STORE	\N	VARANASI	\N	\N	t	0	2026-04-17 19:39:41.425427	0	2026-04-17 19:39:41.425427	53
163	9110033157	ROSHAN CEMENT AGENCY	\N	VARANASI	\N	\N	t	0	2026-04-17 19:39:41.425427	0	2026-04-17 19:39:41.425427	54
164	9110235599	ROYAL TRADERS	\N	VARANASI	\N	\N	t	0	2026-04-17 19:39:41.425427	0	2026-04-17 19:39:41.425427	55
165	9110180027	S K ENTERPRISES	\N	VARANASI	\N	\N	t	0	2026-04-17 19:39:41.425427	0	2026-04-17 19:39:41.425427	56
166	9111471419	PATEL BUILDING MATERIAL	\N	VARANASI	\N	\N	t	0	2026-04-17 19:39:41.425427	0	2026-04-17 19:39:41.425427	57
167	9111207346	SONU BUILDING MATERIAL	\N	VARANASI	\N	\N	t	0	2026-04-17 19:39:41.425427	0	2026-04-17 19:39:41.425427	57
168	9111435449	PATEL KHADH BHANDAR	\N	VARANASI	\N	\N	t	0	2026-04-17 19:39:41.425427	0	2026-04-17 19:39:41.425427	57
169	9110206768	SAHU TRADERS	\N	VARANASI	\N	\N	t	0	2026-04-17 19:39:41.425427	0	2026-04-17 19:39:41.425427	57
170	9110093690	SAI CEMENT AGENCY	\N	VARANASI	\N	\N	t	0	2026-04-17 19:39:41.425427	0	2026-04-17 19:39:41.425427	58
171	9110078716	SAMRAT IRON STORES	\N	VARANASI	\N	\N	t	0	2026-04-17 19:39:41.425427	0	2026-04-17 19:39:41.425427	59
172	9110033156	SATYA NARAIN CEMENT AGENCY	\N	VARANASI	\N	\N	t	0	2026-04-17 19:39:41.425427	0	2026-04-17 19:39:41.425427	60
173	9110033205	SHIVA CEMENT AGENCY	\N	VARANASI	\N	\N	t	0	2026-04-17 19:39:41.425427	0	2026-04-17 19:39:41.425427	61
174	9110033207	SHIVAM CEMENT AGENCY	\N	VARANASI	\N	\N	t	0	2026-04-17 19:39:41.425427	0	2026-04-17 19:39:41.425427	62
175	9111463014	ADARSH BUILDING MATERIAL	\N	VARANASI	\N	\N	t	0	2026-04-17 19:39:41.425427	0	2026-04-17 19:39:41.425427	62
176	9111478154	ANNAPURNA ENTERPRISES	\N	VARANASI	\N	\N	t	0	2026-04-17 19:39:41.425427	0	2026-04-17 19:39:41.425427	62
177	9111462090	RAJBALI BUILDING MATERIAL	\N	VARANASI	\N	\N	t	0	2026-04-17 19:39:41.425427	0	2026-04-17 19:39:41.425427	62
178	9111416890	RAKSHAK BUILDING MATERIALS	\N	VARANASI	\N	\N	t	0	2026-04-17 19:39:41.425427	0	2026-04-17 19:39:41.425427	62
179	9111304913	SWASHTIK BUILDING M.	\N	VARANASI	\N	\N	t	0	2026-04-17 19:39:41.425427	0	2026-04-17 19:39:41.425427	62
180	9111442994	NILKANTH BUILDING MATERIAL	\N	VARANASI	\N	\N	t	0	2026-04-17 19:39:41.425427	0	2026-04-17 19:39:41.425427	62
181	9111304910	VIKAS CEMENT AGENCIES	\N	VARANASI	\N	\N	t	0	2026-04-17 19:39:41.425427	0	2026-04-17 19:39:41.425427	62
182	9111435451	PATEL BUILDING MATERIAL	\N	VARANASI	\N	\N	t	0	2026-04-17 19:39:41.425427	0	2026-04-17 19:39:41.425427	62
183	9111066207	NEW PATEL CEMENT SALES	\N	VARANASI	\N	\N	t	0	2026-04-17 19:39:41.425427	0	2026-04-17 19:39:41.425427	62
184	9111364351	AVANISH CEMENT AGENCY	\N	VARANASI	\N	\N	t	0	2026-04-17 19:39:41.425427	0	2026-04-17 19:39:41.425427	62
185	9111464761	A K ENTERPRISES	\N	VARANASI	\N	\N	t	0	2026-04-17 19:39:41.425427	0	2026-04-17 19:39:41.425427	62
186	9111066230	RAJ BUILDING MATERIAL	\N	VARANASI	\N	\N	t	0	2026-04-17 19:39:41.425427	0	2026-04-17 19:39:41.425427	62
187	9111154857	RAJENDER CEMENT AGENCY.	\N	VARANASI	\N	\N	t	0	2026-04-17 19:39:41.425427	0	2026-04-17 19:39:41.425427	62
188	9111063755	ANAND BUILDING MATERIAL	\N	VARANASI	\N	\N	t	0	2026-04-17 19:39:41.425427	0	2026-04-17 19:39:41.425427	62
189	9111470083	OM SAI ENTERPRISES	\N	VARANASI	\N	\N	t	0	2026-04-17 19:39:41.425427	0	2026-04-17 19:39:41.425427	62
190	9111330948	AARAV ENTERPRISES	\N	VARANASI	\N	\N	t	0	2026-04-17 19:39:41.425427	0	2026-04-17 19:39:41.425427	62
191	9111315471	PAL BUILDING MATERIAL	\N	VARANASI	\N	\N	t	0	2026-04-17 19:39:41.425427	0	2026-04-17 19:39:41.425427	62
192	9111063797	PUJA BUILDING MATERIAL	\N	VARANASI	\N	\N	t	0	2026-04-17 19:39:41.425427	0	2026-04-17 19:39:41.425427	62
193	9111371492	SRI JAGDAMBA CEMENT STORE	\N	VARANASI	\N	\N	t	0	2026-04-17 19:39:41.425427	0	2026-04-17 19:39:41.425427	63
194	9111449234	PRADEEP KUMAR	\N	CHANDAULI	\N	\N	t	0	2026-04-17 19:39:41.425427	0	2026-04-17 19:39:41.425427	63
195	9111413909	PANKAJ KUMAR	\N	VARANASI	\N	\N	t	0	2026-04-17 19:39:41.425427	0	2026-04-17 19:39:41.425427	63
196	9110159541	SHREE BALAJI ENTERPRISES	\N	VARANASI	\N	\N	t	0	2026-04-17 19:39:41.425427	0	2026-04-17 19:39:41.425427	63
197	9110235580	SHREE MAHADEV BUILDING MATERIAL	\N	VARANASI	\N	\N	t	0	2026-04-17 19:39:41.425427	0	2026-04-17 19:39:41.425427	64
198	9110033213	SHREE RAM IRON STORES	\N	VARANASI	\N	\N	t	0	2026-04-17 19:39:41.425427	0	2026-04-17 19:39:41.425427	65
199	9110206767	SHREE RAM STEEL	\N	VARANASI	\N	\N	t	0	2026-04-17 19:39:41.425427	0	2026-04-17 19:39:41.425427	66
200	9111441931	DEEPAK IRON STORE	\N	VARANASI	\N	\N	t	0	2026-04-17 19:39:41.425427	0	2026-04-17 19:39:41.425427	66
201	9111456089	DEEPAK CEMENT AND HARDWARE STORE	\N	VARANASI	\N	\N	t	0	2026-04-17 19:39:41.425427	0	2026-04-17 19:39:41.425427	66
202	9111469058	JAIN ENTERPRISES	\N	VARANASI	\N	\N	t	0	2026-04-17 19:39:41.425427	0	2026-04-17 19:39:41.425427	66
203	9111488051	MARUTI BUILDING MATERIAL AND	\N	VARANASI	\N	\N	t	0	2026-04-17 19:39:41.425427	0	2026-04-17 19:39:41.425427	66
204	9111480499	JAISWAL BUILDING MATERIAL	\N	VARANASI	\N	\N	t	0	2026-04-17 19:39:41.425427	0	2026-04-17 19:39:41.425427	66
205	9111451366	DHIRENDRA KUMAR	\N	VARANASI	\N	\N	t	0	2026-04-17 19:39:41.425427	0	2026-04-17 19:39:41.425427	66
206	9111442996	SINGH BROTHER CONSTRUCTION	\N	VARANASI	\N	\N	t	0	2026-04-17 19:39:41.425427	0	2026-04-17 19:39:41.425427	66
207	9111470299	VIVEK ENTERPRISES	\N	VARANASI	\N	\N	t	0	2026-04-17 19:39:41.425427	0	2026-04-17 19:39:41.425427	66
208	9111445246	SETH BUILDING MATERIAL	\N	VARANASI	\N	\N	t	0	2026-04-17 19:39:41.425427	0	2026-04-17 19:39:41.425427	66
209	9111449029	SHAURY CONSTRUCTION	\N	VARANASI	\N	\N	t	0	2026-04-17 19:39:41.425427	0	2026-04-17 19:39:41.425427	66
210	9111441150	SHARDA ENTERPRISES	\N	VARANASI	\N	\N	t	0	2026-04-17 19:39:41.425427	0	2026-04-17 19:39:41.425427	66
211	9111480595	SKS ENTERPRISES	\N	CHANDAULI	\N	\N	t	0	2026-04-17 19:39:41.425427	0	2026-04-17 19:39:41.425427	66
212	9111453795	PRAVEEN PATHAK	\N	VARANASI	\N	\N	t	0	2026-04-17 19:39:41.425427	0	2026-04-17 19:39:41.425427	66
213	9111490757	RAI TRADING COMPANY	\N	VARANASI	\N	\N	t	0	2026-04-17 19:39:41.425427	0	2026-04-17 19:39:41.425427	66
214	9111456429	ASHA ENTERPRISES	\N	VARANASI	\N	\N	t	0	2026-04-17 19:39:41.425427	0	2026-04-17 19:39:41.425427	66
215	9111442995	AYUSH SHARMA	\N	VARANASI	\N	\N	t	0	2026-04-17 19:39:41.425427	0	2026-04-17 19:39:41.425427	66
216	9111439938	VIDHAN CONSTRUCTION	\N	VARANASI	\N	\N	t	0	2026-04-17 19:39:41.425427	0	2026-04-17 19:39:41.425427	66
217	9110234300	SHRI GANPATI INFRATECH	\N	VARANASI	\N	\N	t	0	2026-04-17 19:39:41.425427	0	2026-04-17 19:39:41.425427	67
218	9111474990	MAA DURGA TREADING	\N	VARANASI	\N	\N	t	0	2026-04-17 19:39:41.425427	0	2026-04-17 19:39:41.425427	68
219	9110224954	SHRI RAM ENTERPRISES	\N	VARANASI	\N	\N	t	0	2026-04-17 19:39:41.425427	0	2026-04-17 19:39:41.425427	68
220	9111486606	DHANSHRI ENTERPRISES	\N	VARANASI	\N	\N	t	0	2026-04-17 19:39:41.425427	0	2026-04-17 19:39:41.425427	68
221	9110183722	SHRI SIDDHI VINAYAK BUILDING	\N	VARANASI	\N	\N	t	0	2026-04-17 19:39:41.425427	0	2026-04-17 19:39:41.425427	69
222	9111394846	JAGDISH NARAYAN	\N	VARANASI	\N	\N	t	0	2026-04-17 19:39:41.425427	0	2026-04-17 19:39:41.425427	69
223	9110235624	SINGH BROTHERS	\N	VARANASI	\N	\N	t	0	2026-04-17 19:39:41.425427	0	2026-04-17 19:39:41.425427	70
224	9110220933	SN INFRA MARKET	\N	VARANASI	\N	\N	t	0	2026-04-17 19:39:41.425427	0	2026-04-17 19:39:41.425427	71
225	9110228028	SRI MAHADEV ENTERPRISES	\N	VARANASI	\N	\N	t	0	2026-04-17 19:39:41.425427	0	2026-04-17 19:39:41.425427	72
226	9110166533	SUMITRA TRADERS	\N	VARANASI	\N	\N	t	0	2026-04-17 19:39:41.425427	0	2026-04-17 19:39:41.425427	73
227	9111393559	PANKAJ JAISWAL	\N	VARANASI	\N	\N	t	0	2026-04-17 19:39:41.425427	0	2026-04-17 19:39:41.425427	73
228	9111489791	MAA ANNAPURNA ENTERPRISES	\N	VARANASI	\N	\N	t	0	2026-04-17 19:39:41.425427	0	2026-04-17 19:39:41.425427	73
229	9111488050	AMAN BUILDING MATERIAL	\N	VARANASI	\N	\N	t	0	2026-04-17 19:39:41.425427	0	2026-04-17 19:39:41.425427	73
230	9111456150	SATISH KUMAR JAISWAL	\N	VARANASI	\N	\N	t	0	2026-04-17 19:39:41.425427	0	2026-04-17 19:39:41.425427	73
231	9111375229	RAMESH CHANDRA TRADERS	\N	VARANASI	\N	\N	t	0	2026-04-17 19:39:41.425427	0	2026-04-17 19:39:41.425427	73
232	9111451270	DASHARATH KUMAR RAI	\N	VARANASI	\N	\N	t	0	2026-04-17 19:39:41.425427	0	2026-04-17 19:39:41.425427	73
233	9110068757	SUNDER CEMENT AGENCY	\N	VARANASI	\N	\N	t	0	2026-04-17 19:39:41.425427	0	2026-04-17 19:39:41.425427	74
234	9110188732	VIDHYA ENTERPRISES	\N	VARANASI	\N	\N	t	0	2026-04-17 19:39:41.425427	0	2026-04-17 19:39:41.425427	75
235	9111400343	VIDYA STEEL	\N	VARANASI	\N	\N	t	0	2026-04-17 19:39:41.425427	0	2026-04-17 19:39:41.425427	75
236	9110162175	VIJAY SHANKAR CONSTRUCTION	\N	VARANASI	\N	\N	t	0	2026-04-17 19:39:41.425427	0	2026-04-17 19:39:41.425427	76
237	9111396267	OM PRAKASH	\N	VARANASI	\N	\N	t	0	2026-04-17 19:39:41.425427	0	2026-04-17 19:39:41.425427	76
238	9111367520	KHUSHBOO BUILDING MATERIAL	\N	VARANASI	\N	\N	t	0	2026-04-17 19:39:41.425427	0	2026-04-17 19:39:41.425427	76
239	9111475713	MAYA MISHRA	\N	VARANASI	\N	\N	t	0	2026-04-17 19:39:41.425427	0	2026-04-17 19:39:41.425427	76
240	9111392094	AVI BUILDING MATERIAL	\N	VARANASI	\N	\N	t	0	2026-04-17 19:39:41.425427	0	2026-04-17 19:39:41.425427	76
241	9111367519	NEW MAA SHITLA BUILDING MATERIAL	\N	VARANASI	\N	\N	t	0	2026-04-17 19:39:41.425427	0	2026-04-17 19:39:41.425427	76
242	9111382006	AMAN BUILDING MATERIAL	\N	VARANASI	\N	\N	t	0	2026-04-17 19:39:41.425427	0	2026-04-17 19:39:41.425427	76
243	9111448528	OM TRADERS	\N	VARANASI	\N	\N	t	0	2026-04-17 19:39:41.425427	0	2026-04-17 19:39:41.425427	76
244	9111409381	RIDDHI SIDDHI TRADING	\N	VARANASI	\N	\N	t	0	2026-04-17 19:39:41.425427	0	2026-04-17 19:39:41.425427	76
245	9111369360	BABA BAIJNATH ENTERPRISES	\N	VARANASI	\N	\N	t	0	2026-04-17 19:39:41.425427	0	2026-04-17 19:39:41.425427	76
246	9111434374	KEDAR BUILDING MATERIAL	\N	VARANASI	\N	\N	t	0	2026-04-17 19:39:41.425427	0	2026-04-17 19:39:41.425427	76
3	9111066282	NARAIN CEMENT AGENCY	\N	VARANASI	\N	\N	t	0	2026-04-17 19:39:41.425427	0	2026-04-17 19:39:41.425427	1
65	9110131504	DEVARSHI ENTERPRISES	\N	VARANASI	\N	\N	t	0	2026-04-17 19:39:41.425427	0	2026-04-17 19:39:41.425427	17
247	9111404209	KRISHNA BUILDING MATERIAL	\N	VARANASI	\N	\N	t	0	2026-04-17 19:39:41.425427	0	2026-04-17 19:39:41.425427	76
248	9111448487	KIRAN BUILDING MATERIAL	\N	VARANASI	\N	\N	t	0	2026-04-17 19:39:41.425427	0	2026-04-17 19:39:41.425427	76
249	9111367522	NITISH YADAV	\N	VARANASI	\N	\N	t	0	2026-04-17 19:39:41.425427	0	2026-04-17 19:39:41.425427	76
250	9111457767	SHIV SHAKTI ASSOCIATE	\N	VARANASI	\N	\N	t	0	2026-04-17 19:39:41.425427	0	2026-04-17 19:39:41.425427	76
252	9110145353	VINAY BUILDING MATERIALS	\N	VARANASI	\N	\N	t	0	2026-04-17 19:39:41.425427	0	2026-04-17 19:39:41.425427	77
253	9111449027	TIRUPATI BUILDING MATERIAL	\N	VARANASI	\N	\N	t	0	2026-04-17 19:39:41.425427	0	2026-04-17 19:39:41.425427	78
254	9111457222	CHANDAN BUILDING MATERIAL	\N	VARANASI	\N	\N	t	0	2026-04-17 19:39:41.425427	0	2026-04-17 19:39:41.425427	78
255	9111383616	SHIVAM ENTERPRISES	\N	VARANASI	\N	\N	t	0	2026-04-17 19:39:41.425427	0	2026-04-17 19:39:41.425427	78
256	9111329304	SANDEEP BUILDING MATERIAL	\N	VARANASI	\N	\N	t	0	2026-04-17 19:39:41.425427	0	2026-04-17 19:39:41.425427	78
257	9111304866	HARDIK HARDWERE AND BUILDING MAT	\N	VARANASI	\N	\N	t	0	2026-04-17 19:39:41.425427	0	2026-04-17 19:39:41.425427	78
258	9111457192	DEEP SHIKHA BUILDING MATERIAL	\N	VARANASI	\N	\N	t	0	2026-04-17 19:39:41.425427	0	2026-04-17 19:39:41.425427	78
259	9110033145	VISHWANATH PRASAD SATYA CHARAN	\N	VARANASI	\N	\N	t	0	2026-04-17 19:39:41.425427	0	2026-04-17 19:39:41.425427	78
260	9111066192	RADHESHYAM GUPTA CEMENT STOCKIST	\N	VARANASI	\N	\N	t	0	2026-04-17 19:39:41.425427	0	2026-04-17 19:39:41.425427	78
261	9111358887	PRINCE BUILDING MATERIAL	\N	VARANASI	\N	\N	t	0	2026-04-17 19:39:41.425427	0	2026-04-17 19:39:41.425427	78
262	9111062067	ALAKH NARAIN SINGH	\N	VARANASI	\N	\N	t	0	2026-04-17 19:39:41.425427	0	2026-04-17 19:39:41.425427	78
263	9111342165	PRADHAN BUILDING MATERIAL	\N	VARANASI	\N	\N	t	0	2026-04-17 19:39:41.425427	0	2026-04-17 19:39:41.425427	78
264	9111304871	SAMRAT BUILDING MATERIAL	\N	VARANASI	\N	\N	t	0	2026-04-17 19:39:41.425427	0	2026-04-17 19:39:41.425427	78
265	9111329098	YADAV BUILDING MATERIAL	\N	VARANASI	\N	\N	t	0	2026-04-17 19:39:41.425427	0	2026-04-17 19:39:41.425427	78
266	9111480495	SURENDRA KUMAR JAISWAL	\N	VARANASI	\N	\N	t	0	2026-04-17 19:39:41.425427	0	2026-04-17 19:39:41.425427	78
267	9111225822	SANJAY BUILDING MATERIALS	\N	VARANASI	\N	\N	t	0	2026-04-17 19:39:41.425427	0	2026-04-17 19:39:41.425427	78
268	9111147165	RATAN LAL BUILDING MATERIAL	\N	VARANASI	\N	\N	t	0	2026-04-17 19:39:41.425427	0	2026-04-17 19:39:41.425427	78
269	9111439453	BHAVANI ENTERPRISES	\N	VARANASI	\N	\N	t	0	2026-04-17 19:39:41.425427	0	2026-04-17 19:39:41.425427	78
270	9111468256	SHREE PARAMHANS BUILDING MATERIAL	\N	VARANASI	\N	\N	t	0	2026-04-17 19:39:41.425427	0	2026-04-17 19:39:41.425427	78
271	9111328483	SHRI KRISHNA BUILDING MATERIAL	\N	VARANASI	\N	\N	t	0	2026-04-17 19:39:41.425427	0	2026-04-17 19:39:41.425427	78
272	9111468257	SHREYANS BUILDING MATERIALS	\N	VARANASI	\N	\N	t	0	2026-04-17 19:39:41.425427	0	2026-04-17 19:39:41.425427	78
273	9111203466	SRI RADHESHYAM BUILDING MATERIAL	\N	VARANASI	\N	\N	t	0	2026-04-17 19:39:41.425427	0	2026-04-17 19:39:41.425427	78
274	9111414555	GUPTA BUILDING MATERIAL	\N	VARANASI	\N	\N	t	0	2026-04-17 19:39:41.425427	0	2026-04-17 19:39:41.425427	78
275	9111443376	SHREE RAM CEMENT AGENCY	\N	VARANASI	\N	\N	t	0	2026-04-17 19:39:41.425427	0	2026-04-17 19:39:41.425427	78
276	9111470081	BABA JI BUILDING MATERIALS	\N	VARANASI	\N	\N	t	0	2026-04-17 19:39:41.425427	0	2026-04-17 19:39:41.425427	78
277	9111394845	JANTA BUILDING MATERIAL	\N	VARANASI	\N	\N	t	0	2026-04-17 19:39:41.425427	0	2026-04-17 19:39:41.425427	78
278	9111384024	TIRUPATI CONSTRUCTION COMPANY	\N	VARANASI	\N	\N	t	0	2026-04-17 19:39:41.425427	0	2026-04-17 19:39:41.425427	78
279	9111304442	AZAD BUILDING MATERIAL	\N	VARANASI	\N	\N	t	0	2026-04-17 19:39:41.425427	0	2026-04-17 19:39:41.425427	78
280	9111488048	ALOK BUILDING MATERIALS	\N	VARANASI	\N	\N	t	0	2026-04-17 19:39:41.425427	0	2026-04-17 19:39:41.425427	78
281	9111488056	RAJ ENTERPRISES	\N	VARANASI	\N	\N	t	0	2026-04-17 19:39:41.425427	0	2026-04-17 19:39:41.425427	78
282	9111346195	MAA VIDYAVATI ENTERPRISES & SONS	\N	VARANASI	\N	\N	t	0	2026-04-17 19:39:41.425427	0	2026-04-17 19:39:41.425427	78
283	9111437589	KUSH BUILDING MATERIAL	\N	VARANASI	\N	\N	t	0	2026-04-17 19:39:41.425427	0	2026-04-17 19:39:41.425427	78
284	9111451895	SARASWATI BUILDING MATERIAL	\N	VARANASI	\N	\N	t	0	2026-04-17 19:39:41.425427	0	2026-04-17 19:39:41.425427	78
285	9111198403	STAR STEEL	\N	VARANASI	\N	\N	t	0	2026-04-17 19:39:41.425427	0	2026-04-17 19:39:41.425427	78
286	9111360310	SHRI KESHARI BUILDING MATERIALS	\N	VARANASI	\N	\N	t	0	2026-04-17 19:39:41.425427	0	2026-04-17 19:39:41.425427	78
287	9111062034	RAMJI BUILDING MATERIAL	\N	VARANASI	\N	\N	t	0	2026-04-17 19:39:41.425427	0	2026-04-17 19:39:41.425427	78
288	9111470082	D K PRADHAN BUILDING MATERIAL	\N	VARANASI	\N	\N	t	0	2026-04-17 19:39:41.425427	0	2026-04-17 19:39:41.425427	78
289	9111454465	GANGA BUILDING MATERIALS	\N	VARANASI	\N	\N	t	0	2026-04-17 19:39:41.425427	0	2026-04-17 19:39:41.425427	78
290	9111152711	BABA BUILDING MATERIAL	\N	VARANASI	\N	\N	t	0	2026-04-17 19:39:41.425427	0	2026-04-17 19:39:41.425427	78
291	9111287417	JAI BAJRANG CEMENT AGENCY	\N	VARANASI	\N	\N	t	0	2026-04-17 19:39:41.425427	0	2026-04-17 19:39:41.425427	78
292	9111469057	SHIV SHAKTI PRINCE BUILDING	\N	VARANASI	\N	\N	t	0	2026-04-17 19:39:41.425427	0	2026-04-17 19:39:41.425427	78
293	9111447980	JBS TRADING COMPANY	\N	VARANASI	\N	\N	t	0	2026-04-17 19:39:41.425427	0	2026-04-17 19:39:41.425427	78
294	9111405853	SHREE BUILDING MATERIAL	\N	VARANASI	\N	\N	t	0	2026-04-17 19:39:41.425427	0	2026-04-17 19:39:41.425427	78
295	9111066202	SHIVAM ENTERPRISES	\N	VARANASI	\N	\N	t	0	2026-04-17 19:39:41.425427	0	2026-04-17 19:39:41.425427	78
296	9111066255	PRATAP BUILDERS AND HARDWARE	\N	VARANASI	\N	\N	t	0	2026-04-17 19:39:41.425427	0	2026-04-17 19:39:41.425427	78
297	9111390453	MAA INDRAWATI BUILDING MATERIAL	\N	VARANASI	\N	\N	t	0	2026-04-17 19:39:41.425427	0	2026-04-17 19:39:41.425427	78
298	9111480494	VIDYARAJ TRADERS	\N	VARANASI	\N	\N	t	0	2026-04-17 19:39:41.425427	0	2026-04-17 19:39:41.425427	78
299	9111464767	SWASTIK ENTERPRISES	\N	VARANASI	\N	\N	t	0	2026-04-17 19:39:41.425427	0	2026-04-17 19:39:41.425427	78
300	9111388200	VIJAY CONSTRUCTION AND SUPPLY WORKS	\N	VARANASI	\N	\N	t	0	2026-04-17 19:39:41.425427	0	2026-04-17 19:39:41.425427	78
301	9111443377	SATYA ENTERPRISES	\N	VARANASI	\N	\N	t	0	2026-04-17 19:39:41.425427	0	2026-04-17 19:39:41.425427	78
302	9111304904	AMIT TRADERS	\N	VARANASI	\N	\N	t	0	2026-04-17 19:39:41.425427	0	2026-04-17 19:39:41.425427	78
329	AJITSECO_55546	Ajit second party	\N	Beta1 , greater noida	111111111111	\N	t	184	2026-04-21 20:05:55.556501	184	2026-04-21 20:05:55.556501	1
251	9111373717	TARA DEVI	\N	VARANASI	\N	\N	t	0	2026-04-17 19:39:41.425427	0	2026-04-17 19:39:41.425427	76
303	9111445760	ANKIT TRADERS	\N	VARANASI	\N	\N	t	0	2026-04-17 19:39:41.425427	0	2026-04-17 19:39:41.425427	78
304	9111395235	CHAURASIYA FERTILIZER	\N	VARANASI	\N	\N	t	0	2026-04-17 19:39:41.425427	0	2026-04-17 19:39:41.425427	78
305	9111061058	DIXIT BUILDING MATERIAL	\N	VARANASI	\N	\N	t	0	2026-04-17 19:39:41.425427	0	2026-04-17 19:39:41.425427	78
306	9111061087	AGRAHARI BUILDING MATERIAL	\N	VARANASI	\N	\N	t	0	2026-04-17 19:39:41.425427	0	2026-04-17 19:39:41.425427	78
307	9111149750	GAURAV BUILDING MATERIAL	\N	VARANASI	\N	\N	t	0	2026-04-17 19:39:41.425427	0	2026-04-17 19:39:41.425427	78
308	9111066263	DIGVIJAY CEMENT AGENCY	\N	VARANASI	\N	\N	t	0	2026-04-17 19:39:41.425427	0	2026-04-17 19:39:41.425427	78
309	9111304897	GAUTAM CEMENT AGENCIE	\N	VARANASI	\N	\N	t	0	2026-04-17 19:39:41.425427	0	2026-04-17 19:39:41.425427	78
310	9111304906	GIRDHARI ENTERPRISES	\N	VARANASI	\N	\N	t	0	2026-04-17 19:39:41.425427	0	2026-04-17 19:39:41.425427	78
311	9111304903	GOVIND BUILDING MATERIAL	\N	VARANASI	\N	\N	t	0	2026-04-17 19:39:41.425427	0	2026-04-17 19:39:41.425427	78
312	9111392095	HARI OM BUILDING MATERIAL	\N	VARANASI	\N	\N	t	0	2026-04-17 19:39:41.425427	0	2026-04-17 19:39:41.425427	78
313	9111340292	PATEL ENTERPRISES	\N	VARANASI	\N	\N	t	0	2026-04-17 19:39:41.425427	0	2026-04-17 19:39:41.425427	78
314	9111340688	HEMANT BUILDING MATERIAL	\N	VARANASI	\N	\N	t	0	2026-04-17 19:39:41.425427	0	2026-04-17 19:39:41.425427	78
315	9111332381	JAI MAA SHARDA STEELS	\N	VARANASI	\N	\N	t	0	2026-04-17 19:39:41.425427	0	2026-04-17 19:39:41.425427	78
316	9111397839	MAA DURGA ENTERPRISES	\N	VARANASI	\N	\N	t	0	2026-04-17 19:39:41.425427	0	2026-04-17 19:39:41.425427	78
317	9111328432	PATEL BUILDING MATERIAL	\N	VARANASI	\N	\N	t	0	2026-04-17 19:39:41.425427	0	2026-04-17 19:39:41.425427	78
318	9111304895	PANKAJ TRADERS	\N	VARANASI	\N	\N	t	0	2026-04-17 19:39:41.425427	0	2026-04-17 19:39:41.425427	78
319	9111480496	MAA LAXMI TRADERS	\N	VARANASI	\N	\N	t	0	2026-04-17 19:39:41.425427	0	2026-04-17 19:39:41.425427	78
320	9111304901	MAHABEER BUILDING MATERIAL	\N	VARANASI	\N	\N	t	0	2026-04-17 19:39:41.425427	0	2026-04-17 19:39:41.425427	78
321	9111489819	MAA VINDHYAVASINI CONSTRUCTION COMP	\N	VARANASI	\N	\N	t	0	2026-04-17 19:39:41.425427	0	2026-04-17 19:39:41.425427	78
1	9110032672	ADESH TRADERS	\N	VARANASI	\N	\N	f	0	2026-04-17 19:39:34.021894	264	2026-04-19 19:25:21.37681	1
\.


--
-- Data for Name: dealers; Type: TABLE DATA; Schema: odts; Owner: ajitverma
--

COPY odts.dealers (dealer_id, dealer_code, dealer_name, dealer_company_name, dealer_phone, dealer_email, dealer_address, dealer_daily_limit, dealer_monthly_target, dealer_is_active_flag, created_by, created_at, updated_by, updated_at) FROM stdin;
1	9110032672	ANAND GUPTA	ADESH TRADERS	9415204148	\N	VARANASI	\N	\N	t	0	2026-04-17 19:11:45.744321	0	2026-04-17 19:11:45.744321
2	9110097794	HIMANSHU AGRAHARI	AJAY PAINT AND HARDWARE STORES	9450872462	\N	VARANASI	\N	\N	t	0	2026-04-17 19:11:45.744321	0	2026-04-17 19:11:45.744321
3	9110033143	SHUBHASH JAISWAL	AKASH ENTERPRISES	9415202341	\N	VARANASI	\N	\N	t	0	2026-04-17 19:11:45.744321	0	2026-04-17 19:11:45.744321
4	9110117683	Ashwani Kumar Khanna	AKK TRADERS	7860091091	\N	VARANASI	\N	\N	t	0	2026-04-17 19:11:45.744321	0	2026-04-17 19:11:45.744321
5	9110235610	RAMASHREY SINGH	AMAN BUILDING MATERIALS	9450251409	\N	VARANASI	\N	\N	t	0	2026-04-17 19:11:45.744321	0	2026-04-17 19:11:45.744321
6	9110221017	SUNIL KUMAR	AMAR CONSTRUCTIONS AND SUPPLIER	9336835074	\N	VARANASI	\N	\N	t	0	2026-04-17 19:11:45.744321	0	2026-04-17 19:11:45.744321
7	9110033203	ANIL KUMAR SINGH	ANJALI ENTERPRISES	9415336241	\N	VARANASI	\N	\N	t	0	2026-04-17 19:11:45.744321	0	2026-04-17 19:11:45.744321
8	9110202061	ABHAY KUMAR SINGH	ANKIT BUILDING MATERIALS	9453397468	\N	VARANASI	\N	\N	t	0	2026-04-17 19:11:45.744321	0	2026-04-17 19:11:45.744321
9	9110208385	SIMPAL KESHARI	ANUJ TRADING COMPANY	8052212829	\N	VARANASI	\N	\N	t	0	2026-04-17 19:11:45.744321	0	2026-04-17 19:11:45.744321
10	9110207934	RAJENDRA NATH GUPTA	AWANTI CEMENT AGENCY	8887652664	\N	VARANASI	\N	\N	t	0	2026-04-17 19:11:45.744321	0	2026-04-17 19:11:45.744321
11	9110217758	HARIDASH JAISHAWAL	AYUSH TRADING COMPANY	9451609946	\N	VARANASI	\N	\N	t	0	2026-04-17 19:11:45.744321	0	2026-04-17 19:11:45.744321
12	9110235576	MOHAMMAD SALMAN	BEMISHAL CEMENT AGENCY	8318590576	\N	VARANASI	\N	\N	t	0	2026-04-17 19:11:45.744321	0	2026-04-17 19:11:45.744321
13	9110232851	LALLAN SHARMA	BHAGIRATHI CONSTRUCTION AND SUPPLIE	9044339800	\N	VARANASI	\N	\N	t	0	2026-04-17 19:11:45.744321	0	2026-04-17 19:11:45.744321
14	9110092659	Dilip Kumar Rai	BHOLE NATH ENTERPRISES	9454231797	\N	VARANASI	\N	\N	t	0	2026-04-17 19:11:45.744321	0	2026-04-17 19:11:45.744321
15	9110033101	Sanjay Ghosh	BIRASAN ENTERPRISES	9415223227	\N	VARANASI	\N	\N	t	0	2026-04-17 19:11:45.744321	0	2026-04-17 19:11:45.744321
16	9110187050	SANTOSH KUMAR GUPTA	DAYAL TRADERS	9919156255	\N	VARANASI	\N	\N	t	0	2026-04-17 19:11:45.744321	0	2026-04-17 19:11:45.744321
17	9110131504	Ramesh Pratap Singh	DEVARSHI ENTERPRISES	7754994433	\N	VARANASI	\N	\N	t	0	2026-04-17 19:11:45.744321	0	2026-04-17 19:11:45.744321
18	9110204851	ROSHAN YADAV	DIVYANSH BUILDING MATERIAL	9795337722	\N	VARANASI	\N	\N	t	0	2026-04-17 19:11:45.744321	0	2026-04-17 19:11:45.744321
19	9110209421	ARSHAD ANSARI	FVS TRADING CORPORATION	9125461413	\N	VARANASI	\N	\N	t	0	2026-04-17 19:11:45.744321	0	2026-04-17 19:11:45.744321
20	9110144134	GHANSHYAM YADAV	G S TRADERS	9415696821	\N	VARANASI	\N	\N	t	0	2026-04-17 19:11:45.744321	0	2026-04-17 19:11:45.744321
22	9110178852	PANKAJ KUMAR DUBEY	HARSH CEMENT AGENCY	9838674727	\N	VARANASI	\N	\N	t	0	2026-04-17 19:11:45.744321	0	2026-04-17 19:11:45.744321
23	9110173220	OM PRAKASH CHAURASIA	HEMANT ENTERPRISES	9415980801	\N	VARANASI	\N	\N	t	0	2026-04-17 19:11:45.744321	0	2026-04-17 19:11:45.744321
24	9110206595	SANI KUMAR CHAURASIYA	JAY AMBEY ENTERPRISES	9451137695	\N	VARANASI	\N	\N	t	0	2026-04-17 19:11:45.744321	0	2026-04-17 19:11:45.744321
25	9110202060	JYOTI BHUSHAN SINGH	JYOTI BUILDING MATERIALS	8115332151	\N	VARANASI	\N	\N	t	0	2026-04-17 19:11:45.744321	0	2026-04-17 19:11:45.744321
26	9110171676	RATNESH	KAMAL ENTERPRISES	7007810004	\N	VARANASI	\N	\N	t	0	2026-04-17 19:11:45.744321	0	2026-04-17 19:11:45.744321
27	9110236010	RAVI SHANKER KESARI	KESHARWANI AGENCIES	9415619899	\N	VARANASI	\N	\N	t	0	2026-04-17 19:11:45.744321	0	2026-04-17 19:11:45.744321
28	9110170402	AMIT	KOMAL ENTERPRISES	7376746105	\N	VARANASI	\N	\N	t	0	2026-04-17 19:11:45.744321	0	2026-04-17 19:11:45.744321
29	9110045030	Balkeshwar Prasad Singh	KRIPA SHANKAR SINGH	9415300220	\N	VARANASI	\N	\N	t	0	2026-04-17 19:11:45.744321	0	2026-04-17 19:11:45.744321
30	9110225636	PRAJJWAL CHAUBEY	KRIPA TRADERS	9120292964	\N	VARANASI	\N	\N	t	0	2026-04-17 19:11:45.744321	0	2026-04-17 19:11:45.744321
31	9110205222	NRIPENDRA SINGH	KRISHNA ENTERPRISES	9219785608	\N	VARANASI	\N	\N	t	0	2026-04-17 19:11:45.744321	0	2026-04-17 19:11:45.744321
32	9110203758	SUREKHA DEVI	KRV ENTERPRISES	9717082620	\N	VARANASI	\N	\N	t	0	2026-04-17 19:11:45.744321	0	2026-04-17 19:11:45.744321
33	9110234954	MANOJ KUMAR	M K ENTERPRISES	9695795004	\N	VARANASI	\N	\N	t	0	2026-04-17 19:11:45.744321	0	2026-04-17 19:11:45.744321
34	9110190952	ANIL KUMAR	MAA VAISHNO ENTERPRISES	9450330719	\N	VARANASI	\N	\N	t	0	2026-04-17 19:11:45.744321	0	2026-04-17 19:11:45.744321
35	9110172831	GURU	MAA VASHINO HARDWARE BUILDING	9918777813	\N	VARANASI	\N	\N	t	0	2026-04-17 19:11:45.744321	0	2026-04-17 19:11:45.744321
36	9110130915	KRISHNA AVATAR	MAHARAJ JI BUILDING MATERIAL	9839903666	\N	VARANASI	\N	\N	t	0	2026-04-17 19:11:45.744321	0	2026-04-17 19:11:45.744321
37	9110187741	PANKAJ KUMAR SINGH	MAHAVEER ENTERPRISES	9695004001	\N	VARANASI	\N	\N	t	0	2026-04-17 19:11:45.744321	0	2026-04-17 19:11:45.744321
38	9110092656	Chote Lal Pathak	MALTI BUILDING MATERIAL	9839519855	\N	VARANASI	\N	\N	t	0	2026-04-17 19:11:45.744321	0	2026-04-17 19:11:45.744321
39	9110208384	SHIKHA SINGH	MATICOTECH INFRASTRUCTURE PVT LTD	8707339385	\N	VARANASI	\N	\N	t	0	2026-04-17 19:11:45.744321	0	2026-04-17 19:11:45.744321
40	9110217209	PRAVINA DEVI	MISHRA BUILDING SOLUTIONS	7007599046	\N	VARANASI	\N	\N	t	0	2026-04-17 19:11:45.744321	0	2026-04-17 19:11:45.744321
41	9110231172	NANDLAL MAURYA	MOURYA ENTERRPISES	7524936871	\N	VARANASI	\N	\N	t	0	2026-04-17 19:11:45.744321	0	2026-04-17 19:11:45.744321
42	9110228566	PRADIP KUMAR	NEW PRADEEP STEELS	9839093699	\N	VARANASI	\N	\N	t	0	2026-04-17 19:11:45.744321	0	2026-04-17 19:11:45.744321
43	9110200556	MUKESH YADAV	OM BUILDING MATERIAL	9919568696	\N	VARANASI	\N	\N	t	0	2026-04-17 19:11:45.744321	0	2026-04-17 19:11:45.744321
44	9110170948	RITU TIWARI	OM SHIV BHOLE BUILDING MATERIAL	8840542177	\N	VARANASI	\N	\N	t	0	2026-04-17 19:11:45.744321	0	2026-04-17 19:11:45.744321
45	9110234216	MUHAMMAD SALIM	OM SHREE SAI NATH ENTERPRISES	9919781361	\N	VARANASI	\N	\N	t	0	2026-04-17 19:11:45.744321	0	2026-04-17 19:11:45.744321
46	9110033198	Shiv Bhajan Pandey	OM TRADERS	9451582416	\N	VARANASI	\N	\N	t	0	2026-04-17 19:11:45.744321	0	2026-04-17 19:11:45.744321
47	9110220921	ANJESH KUMAR TRIPATHI	PARTH BUILDCON	9611375476	\N	VARANASI	\N	\N	t	0	2026-04-17 19:11:45.744321	0	2026-04-17 19:11:45.744321
48	9110178792	PRADEEP KUMAR	PATHAK BUILDING MATERIALS	9839505929	\N	VARANASI	\N	\N	t	0	2026-04-17 19:11:45.744321	0	2026-04-17 19:11:45.744321
49	9110237589	PAWAN KUMAR CHOUBEY	PAWAN ENTERPRISES	8090412525	\N	VARANASI	\N	\N	t	0	2026-04-17 19:11:45.744321	0	2026-04-17 19:11:45.744321
50	9110046614	ADITYA GUPTA	PURWAR CEMENT BHANDAR	9415305397	\N	VARANASI	\N	\N	t	0	2026-04-17 19:11:45.744321	0	2026-04-17 19:11:45.744321
51	9110033210	RISHIKESH SINGH	R K BUILDING MATERIAL	9415343325	\N	VARANASI	\N	\N	t	0	2026-04-17 19:11:45.744321	0	2026-04-17 19:11:45.744321
52	9110225594	RAGINI SINGH	RAGINI ENTERPRISES	9088666333	\N	VARANASI	\N	\N	t	0	2026-04-17 19:11:45.744321	0	2026-04-17 19:11:45.744321
53	9110070000	OM PRAKASH GUPTA	RAJARAM OMPRAKASH IRON STORE	9956585951	\N	VARANASI	\N	\N	t	0	2026-04-17 19:11:45.744321	0	2026-04-17 19:11:45.744321
54	9110033157	UMESH KUMAR	ROSHAN CEMENT AGENCY	9415304457	\N	VARANASI	\N	\N	t	0	2026-04-17 19:11:45.744321	0	2026-04-17 19:11:45.744321
55	9110235599	WASEEM AKHTAR	ROYAL TRADERS	8318617656	\N	VARANASI	\N	\N	t	0	2026-04-17 19:11:45.744321	0	2026-04-17 19:11:45.744321
56	9110180027	SATISH KUMAR SINGH	S K ENTERPRISES	9919010488	\N	VARANASI	\N	\N	t	0	2026-04-17 19:11:45.744321	0	2026-04-17 19:11:45.744321
57	9110206768	SHWETA GUPTA	SAHU TRADERS	7905825188	\N	VARANASI	\N	\N	t	0	2026-04-17 19:11:45.744321	0	2026-04-17 19:11:45.744321
58	9110093690	Tribhuvan Mishra	SAI CEMENT AGENCY	9453203994	\N	VARANASI	\N	\N	t	0	2026-04-17 19:11:45.744321	0	2026-04-17 19:11:45.744321
59	9110078716	Shyam Sundar Singh Kashyap	SAMRAT IRON STORES	9415285959	\N	VARANASI	\N	\N	t	0	2026-04-17 19:11:45.744321	0	2026-04-17 19:11:45.744321
60	9110033156	Shyam Narain Singh	SATYA NARAIN CEMENT AGENCY	9839910609	\N	VARANASI	\N	\N	t	0	2026-04-17 19:11:45.744321	0	2026-04-17 19:11:45.744321
61	9110033205	Dhirendra Kumar Yadav	SHIVA CEMENT AGENCY	9415988037	\N	VARANASI	\N	\N	t	0	2026-04-17 19:11:45.744321	0	2026-04-17 19:11:45.744321
62	9110033207	RAJESH KUMAR	SHIVAM CEMENT AGENCY	9415446150	\N	VARANASI	\N	\N	t	0	2026-04-17 19:11:45.744321	0	2026-04-17 19:11:45.744321
63	9110159541	NANDINI SINGH	SHREE BALAJI ENTERPRISES	9336182012	\N	VARANASI	\N	\N	t	0	2026-04-17 19:11:45.744321	0	2026-04-17 19:11:45.744321
64	9110235580	RAJAT SINGH	SHREE MAHADEV BUILDING MATERIAL	7785804546	\N	VARANASI	\N	\N	t	0	2026-04-17 19:11:45.744321	0	2026-04-17 19:11:45.744321
65	9110033213	BRIJESH KUMAR VARMAN	SHREE RAM IRON STORES	9415447483	\N	VARANASI	\N	\N	t	0	2026-04-17 19:11:45.744321	0	2026-04-17 19:11:45.744321
66	9110206767	ASHOK SETH	SHREE RAM STEEL	6392041429	\N	VARANASI	\N	\N	t	0	2026-04-17 19:11:45.744321	0	2026-04-17 19:11:45.744321
67	9110234300	PRATIBHA TIWARI	SHRI GANPATI INFRATECH	7376590900	\N	VARANASI	\N	\N	t	0	2026-04-17 19:11:45.744321	0	2026-04-17 19:11:45.744321
68	9110224954	AYUSH JAISWAL	SHRI RAM ENTERPRISES	7071973919	\N	VARANASI	\N	\N	t	0	2026-04-17 19:11:45.744321	0	2026-04-17 19:11:45.744321
69	9110183722	JAY	SHRI SIDDHI VINAYAK BUILDING	6394817496	\N	VARANASI	\N	\N	t	0	2026-04-17 19:11:45.744321	0	2026-04-17 19:11:45.744321
70	9110235624	ANIL KUMAR SINGH	SINGH BROTHERS	9838808962	\N	VARANASI	\N	\N	t	0	2026-04-17 19:11:45.744321	0	2026-04-17 19:11:45.744321
71	9110220933	AMIT UPADHYAY	SN INFRA MARKET	7905258004	\N	VARANASI	\N	\N	t	0	2026-04-17 19:11:45.744321	0	2026-04-17 19:11:45.744321
72	9110228028	VIJAY BAHADUR SINGH	SRI MAHADEV ENTERPRISES	8574508918	\N	VARANASI	\N	\N	t	0	2026-04-17 19:11:45.744321	0	2026-04-17 19:11:45.744321
73	9110166533	SUMITRA DEVI	SUMITRA TRADERS	8318581393	\N	VARANASI	\N	\N	t	0	2026-04-17 19:11:45.744321	0	2026-04-17 19:11:45.744321
74	9110068757	SURENDRA KUMAR YADAV	SUNDER CEMENT AGENCY	7905926492	\N	VARANASI	\N	\N	t	0	2026-04-17 19:11:45.744321	0	2026-04-17 19:11:45.744321
75	9110188732	MAHENDRA PRATAP SINGH	VIDHYA ENTERPRISES	9559895003	\N	VARANASI	\N	\N	t	0	2026-04-17 19:11:45.744321	0	2026-04-17 19:11:45.744321
76	9110162175	VIJAY SHANKAR	VIJAY SHANKAR CONSTRUCTION	9935262692	\N	VARANASI	\N	\N	t	0	2026-04-17 19:11:45.744321	0	2026-04-17 19:11:45.744321
77	9110145353	RANJEET SINGH	VINAY BUILDING MATERIALS	9450012613	\N	VARANASI	\N	\N	t	0	2026-04-17 19:11:45.744321	0	2026-04-17 19:11:45.744321
78	9110033145	SANJAY BARANWAL	VISHWANATH PRASAD SATYA CHARAN	9415228637	\N	VARANASI	\N	\N	t	0	2026-04-17 19:11:45.744321	0	2026-04-17 19:11:45.744321
21	9110184692	NAND	NAND	9839144542	\N	VARANASI	\N	\N	t	0	2026-04-17 19:11:45.744321	0	2026-04-18 16:48:26.866161
\.


--
-- Data for Name: order_dispatch; Type: TABLE DATA; Schema: odts; Owner: odts_admin
--

COPY odts.order_dispatch (dispatch_id, order_id, driver_id, dispatch_vehicle_number, built_number, dispatch_receipt, created_by, created_at, updated_by, updated_at) FROM stdin;
\.


--
-- Data for Name: products; Type: TABLE DATA; Schema: odts; Owner: odts_admin
--

COPY odts.products (product_id, product_name, product_desc, product_is_active_flag, created_by, created_at, updated_by, updated_at) FROM stdin;
3	PLUS	Standard product	t	0	2026-04-17 09:33:16.557254	0	2026-04-17 09:33:16.557254
2	POWER	High performance 	t	0	2026-04-17 09:33:16.557254	0	2026-04-18 17:13:59.616531
1	GOLD	Premium grade product	t	0	2026-04-17 09:33:16.557254	0	2026-04-19 18:09:55.735975
\.


--
-- Data for Name: user_login_audit; Type: TABLE DATA; Schema: odts; Owner: ajitverma
--

COPY odts.user_login_audit (login_audit_id, login_user_id, login_method, login_status, login_at, logout_at, login_ip_address, login_is_active) FROM stdin;
1	264	PASSWORD	SUCCESS	2026-04-19 10:06:31.414346	\N	::1	t
2	264	PASSWORD	SUCCESS	2026-04-19 10:20:25.381968	2026-04-19 10:20:45.775598	::1	f
3	184	PASSWORD	SUCCESS	2026-04-19 10:20:58.122336	2026-04-19 10:21:09.067253	::1	f
4	264	PASSWORD	SUCCESS	2026-04-19 10:21:15.425457	\N	::1	t
5	264	PASSWORD	SUCCESS	2026-04-19 10:28:34.683814	2026-04-19 10:36:50.28112	::1	f
6	264	PASSWORD	SUCCESS	2026-04-19 10:37:10.401442	\N	::1	t
7	264	PASSWORD	SUCCESS	2026-04-19 10:41:21.718908	2026-04-19 10:41:43.545815	::1	f
8	264	PASSWORD	SUCCESS	2026-04-19 10:53:39.282226	\N	::1	t
9	264	PASSWORD	SUCCESS	2026-04-19 10:57:40.225172	2026-04-19 10:57:56.903917	::1	f
10	264	PASSWORD	SUCCESS	2026-04-19 18:09:39.540246	\N	::1	t
11	264	PASSWORD	SUCCESS	2026-04-19 18:42:38.426032	\N	::1	t
12	264	PASSWORD	SUCCESS	2026-04-19 18:48:53.696349	2026-04-19 19:01:03.317744	::1	f
13	184	PASSWORD	SUCCESS	2026-04-19 19:01:11.143495	\N	::1	t
14	184	PASSWORD	SUCCESS	2026-04-19 19:08:13.907745	\N	::1	t
15	184	PASSWORD	SUCCESS	2026-04-19 19:13:32.235858	2026-04-19 19:15:53.755111	::1	f
16	264	PASSWORD	SUCCESS	2026-04-19 19:15:59.014029	2026-04-19 19:17:49.312766	::1	f
17	264	PASSWORD	SUCCESS	2026-04-19 19:17:57.569233	2026-04-19 19:18:09.40506	::1	f
18	184	PASSWORD	SUCCESS	2026-04-19 19:18:14.986095	2026-04-19 19:19:14.348512	::1	f
19	184	PASSWORD	SUCCESS	2026-04-19 19:19:20.251775	2026-04-19 19:22:28.150085	::1	f
20	264	PASSWORD	SUCCESS	2026-04-19 19:22:34.657592	2026-04-19 19:22:49.620939	::1	f
21	184	PASSWORD	SUCCESS	2026-04-19 19:23:00.133025	2026-04-19 19:24:55.090029	::1	f
22	264	PASSWORD	SUCCESS	2026-04-19 19:25:00.179987	2026-04-19 19:25:59.064563	::1	f
23	184	PASSWORD	SUCCESS	2026-04-19 19:26:06.606938	2026-04-19 19:26:18.365228	::1	f
24	264	PASSWORD	SUCCESS	2026-04-19 19:27:25.344764	\N	::1	t
25	264	PASSWORD	SUCCESS	2026-04-19 21:45:55.788434	\N	::1	t
26	264	PASSWORD	SUCCESS	2026-04-20 17:23:19.325167	2026-04-20 17:24:52.943829	::1	f
27	184	PASSWORD	SUCCESS	2026-04-20 17:24:59.429325	\N	::1	t
28	184	PASSWORD	SUCCESS	2026-04-20 18:20:10.919549	\N	::1	t
29	184	PASSWORD	SUCCESS	2026-04-20 18:39:09.798673	\N	::1	t
30	184	PASSWORD	SUCCESS	2026-04-20 22:18:01.609098	\N	::1	t
31	184	PASSWORD	SUCCESS	2026-04-20 22:28:50.705911	\N	::1	t
32	184	PASSWORD	SUCCESS	2026-04-20 22:35:08.220741	\N	::1	t
33	184	PASSWORD	SUCCESS	2026-04-21 17:05:29.148726	2026-04-21 17:09:33.556532	::1	f
35	264	PASSWORD	SUCCESS	2026-04-21 17:09:53.72697	2026-04-21 18:07:42.527161	::1	f
36	264	PASSWORD	SUCCESS	2026-04-21 18:07:52.343089	\N	::1	t
37	264	PASSWORD	FAILED	2026-04-21 18:14:20.403413	\N	::1	f
38	264	PASSWORD	SUCCESS	2026-04-21 18:14:32.966571	2026-04-21 18:15:15.073915	::1	f
39	184	PASSWORD	SUCCESS	2026-04-21 18:15:43.954153	\N	::1	t
40	184	PASSWORD	SUCCESS	2026-04-21 18:24:39.109364	\N	::1	t
41	184	PASSWORD	SUCCESS	2026-04-21 19:42:41.507502	\N	::1	t
42	184	PASSWORD	SUCCESS	2026-04-21 20:45:07.690959	\N	::1	t
43	184	PASSWORD	SUCCESS	2026-04-21 22:33:33.029856	2026-04-21 22:33:48.514848	::1	f
44	264	PASSWORD	SUCCESS	2026-04-22 09:34:18.017617	\N	::1	t
\.


--
-- Data for Name: user_roles; Type: TABLE DATA; Schema: odts; Owner: odts_admin
--

COPY odts.user_roles (role_id, role_name, role_desc, created_by, created_at, updated_by, updated_at) FROM stdin;
1	DEALER	Dealer user	0	2026-04-17 09:30:59.050169	0	2026-04-17 09:30:59.050169
2	DISPATCHER	Dispatcher user	0	2026-04-17 09:30:59.050169	0	2026-04-17 09:30:59.050169
3	OFFICE_EXECUTIVE	Office operations	0	2026-04-17 09:30:59.050169	0	2026-04-17 09:30:59.050169
4	SALES_OFFICER	Sales team	0	2026-04-17 09:30:59.050169	0	2026-04-17 09:30:59.050169
5	ADMIN	System admin	0	2026-04-17 09:30:59.050169	0	2026-04-17 09:30:59.050169
\.


--
-- Data for Name: users; Type: TABLE DATA; Schema: odts; Owner: ajitverma
--

COPY odts.users (user_id, user_role_id, dealer_id, user_login_name, password_hash, user_name, user_phone, user_email, user_is_active_flag, user_is_locked_flag, created_by, created_at, updated_by, updated_at) FROM stdin;
184	1	1	alpha1	$2b$10$PqcxGrRpAfjf2xHfE37zkuPGgSTxc/EefYtFMNEcrKoKtDs/hQ/.2	\N	\N	\N	t	f	0	2026-04-17 19:37:32.4716	0	2026-04-18 12:42:22.53711
216	1	33	beta13	$2b$10$bfH5bgZh.zM9KYfNI/tDiuqKc9wwyAxq5XXqnN.gnIouVbT0ILMXO	\N	\N	\N	t	f	0	2026-04-17 19:37:32.4716	0	2026-04-18 12:42:23.853141
218	1	35	beta15	$2b$10$LLm/ezot6ZXcLHK9JNKdKezj1SodYyPE00f/poE.3uG8u3RDaPQCu	\N	\N	\N	t	f	0	2026-04-17 19:37:32.4716	0	2026-04-18 12:42:23.934628
220	1	37	beta17	$2b$10$HR8sc90tMNqu2iZOfAPNJOitEtFfvCBYlirEVXsefs7ykwcHkqGIm	\N	\N	\N	t	f	0	2026-04-17 19:37:32.4716	0	2026-04-18 12:42:24.016583
221	1	38	beta18	$2b$10$JtAbSrL9Cj9QJ0VZJTUhR.I/IZ3XgBzU9I1JoMgDqQaspuusKLwWC	\N	\N	\N	t	f	0	2026-04-17 19:37:32.4716	0	2026-04-18 12:42:24.057522
222	1	39	beta19	$2b$10$AjYYhMlTfKwXdNdJ1NjFGeEC2B8Kw5re1K6qLKEIiVzMuvPDt8xfW	\N	\N	\N	t	f	0	2026-04-17 19:37:32.4716	0	2026-04-18 12:42:24.098355
223	1	40	beta20	$2b$10$T0IcNk1Zb42j3hS8snh75eP1f.dHAIfIXwTHaU4GhDU6CBQ.kUgU6	\N	\N	\N	t	f	0	2026-04-17 19:37:32.4716	0	2026-04-18 12:42:24.139231
224	1	41	gamma1	$2b$10$oq6GnUg2QRe/fmqUd3bfUO6ht9b2zbWaJYa2mGgk83HYaJdMvth5m	\N	\N	\N	t	f	0	2026-04-17 19:37:32.4716	0	2026-04-18 12:42:24.18012
225	1	42	gamma2	$2b$10$cESR24L9ZllFp1rN3aT5/e.FBCgpSQbgS4Sculf1CoGCzQANJ/NyO	\N	\N	\N	t	f	0	2026-04-17 19:37:32.4716	0	2026-04-18 12:42:24.220967
226	1	43	gamma3	$2b$10$JQx5x/kaZV91LLkvrwjHl.LkEHe7y75zNUKg71LhXySrho3/07sWK	\N	\N	\N	t	f	0	2026-04-17 19:37:32.4716	0	2026-04-18 12:42:24.261824
227	1	44	gamma4	$2b$10$3N4gYL/iNfH9U1zkcdWV4.gwbAtWCDj6JhY.46/A1gycSeBKsN1oa	\N	\N	\N	t	f	0	2026-04-17 19:37:32.4716	0	2026-04-18 12:42:24.302743
228	1	45	gamma5	$2b$10$LJGQbklMoYdsFD.lAU.fl..1cmtFA0vyixfPp8GX6ZAAudvX.039S	\N	\N	\N	t	f	0	2026-04-17 19:37:32.4716	0	2026-04-18 12:42:24.343559
229	1	46	gamma6	$2b$10$9iTParoENRvfq6WJANjE6uQXWR7vL.8a5CI1mjpu8XV/xGfERiEhK	\N	\N	\N	t	f	0	2026-04-17 19:37:32.4716	0	2026-04-18 12:42:24.384495
230	1	47	gamma7	$2b$10$kYKeLAYr3/q6gfg4Xjui..pKY4sxLj5u1/m802IrN0xuv7AcZaK4W	\N	\N	\N	t	f	0	2026-04-17 19:37:32.4716	0	2026-04-18 12:42:24.425471
231	1	48	gamma8	$2b$10$9.6d1kVSjTBCGUwqKCxpW.NyJR5vmp/Iau38FQiL0XnKhDVOGJ5ky	\N	\N	\N	t	f	0	2026-04-17 19:37:32.4716	0	2026-04-18 12:42:24.466151
232	1	49	gamma9	$2b$10$hBS1VE0hbZYYHEK7NiHaWeSECJp1LGF6Bxo6lF6cYH9SvbsgFe/zS	\N	\N	\N	t	f	0	2026-04-17 19:37:32.4716	0	2026-04-18 12:42:24.506917
233	1	50	gamma10	$2b$10$sJ7bfb/VAHEsjA9oaMF0aOZ8yldz3K.VQFQvH.Cqc6CL/mWNC2Z..	\N	\N	\N	t	f	0	2026-04-17 19:37:32.4716	0	2026-04-18 12:42:24.547827
234	1	51	gamma11	$2b$10$FYP538K8MDvhsR1zUVwZO.BI234abIAcIV.we.4EIX992W7D7kGXa	\N	\N	\N	t	f	0	2026-04-17 19:37:32.4716	0	2026-04-18 12:42:24.588699
235	1	52	gamma12	$2b$10$Kv4Zz9PPqY8xA63RiQ5WKOt1noYCi/nYzSA7X4GrB2WUfEDpqSUOm	\N	\N	\N	t	f	0	2026-04-17 19:37:32.4716	0	2026-04-18 12:42:24.629817
236	1	53	gamma13	$2b$10$n6yo7x85DGX1yhzPf5aAAerSWbJ.32rgZsuaiOZwbOWe.CwsMNZ/y	\N	\N	\N	t	f	0	2026-04-17 19:37:32.4716	0	2026-04-18 12:42:24.670726
237	1	54	gamma14	$2b$10$dddKNPjp3o9oHyu87eBYJO9De/cDP64gLLu4pwZbPWE78WtU8r0ua	\N	\N	\N	t	f	0	2026-04-17 19:37:32.4716	0	2026-04-18 12:42:24.711806
238	1	55	gamma15	$2b$10$1r6DUGGqyu.biXVFjIYscObozlwzr1GsiYMsdClYQ9W6ot9RdYNOe	\N	\N	\N	t	f	0	2026-04-17 19:37:32.4716	0	2026-04-18 12:42:24.752401
239	1	56	gamma16	$2b$10$/xjHMGsBnrwfzVK.6fBFNOer5nNVcIaKrQm4b9.M.v.7YWn/O5L5u	\N	\N	\N	t	f	0	2026-04-17 19:37:32.4716	0	2026-04-18 12:42:24.793645
240	1	57	gamma17	$2b$10$XAujXFdLbCjbfHahK3xUIeIfDK3RDUdxO0W7CfL8c.uQZ6nKf65gi	\N	\N	\N	t	f	0	2026-04-17 19:37:32.4716	0	2026-04-18 12:42:24.834821
241	1	58	gamma18	$2b$10$LKCOvAk34k9BVeb.5UbBfu2p.GYgGOmuKytQCa5yBF3sSgn/b2FQq	\N	\N	\N	t	f	0	2026-04-17 19:37:32.4716	0	2026-04-18 12:42:24.875832
242	1	59	gamma19	$2b$10$oFKPLlo4T3Eekych1KIT6.l7e6pMBz9.j4YPtf.xJLLDMFOG88hHS	\N	\N	\N	t	f	0	2026-04-17 19:37:32.4716	0	2026-04-18 12:42:24.916832
243	1	60	gamma20	$2b$10$GIWqFC1i56TkTztVl.rWtuVM4gtIb8jnHeeCNF0gSS7wLbqXMMWqm	\N	\N	\N	t	f	0	2026-04-17 19:37:32.4716	0	2026-04-18 12:42:24.957589
244	1	61	delta1	$2b$10$aeqNpQOSuP5nwk03qVyJGu0WJBS8SJdzKsIJG1P0N6K479CYuVKSS	\N	\N	\N	t	f	0	2026-04-17 19:37:32.4716	0	2026-04-18 12:42:24.998531
245	1	62	delta2	$2b$10$9S.YzX9OG.gJxsyewYR9gOxMJUQ/4Ftsjvv9hwp6hotY4Njq0ftGO	\N	\N	\N	t	f	0	2026-04-17 19:37:32.4716	0	2026-04-18 12:42:25.03932
246	1	63	delta3	$2b$10$Yux4H0DODfBwvJ8/lCPOKeHrvXwFwUbs9tn4SA00Y1h33Icjw0VMG	\N	\N	\N	t	f	0	2026-04-17 19:37:32.4716	0	2026-04-18 12:42:25.08055
247	1	64	delta4	$2b$10$ImZNCqGG72bNTA3QA8PzFO69BuZ6y9AoXfmlfsax0czQDoJ0BKBQG	\N	\N	\N	t	f	0	2026-04-17 19:37:32.4716	0	2026-04-18 12:42:25.121736
248	1	65	delta5	$2b$10$bUL/h8iNiKbVJAGY2WbejuHMzrw4j9JVSg//8g8EDl/Gsuka35JDi	\N	\N	\N	t	f	0	2026-04-17 19:37:32.4716	0	2026-04-18 12:42:25.162645
249	1	66	delta6	$2b$10$Z8vGMIfPZnNpi.kBtzLVveN/eWhSqokJFN8uT3q6Yb6LW5naHAKou	\N	\N	\N	t	f	0	2026-04-17 19:37:32.4716	0	2026-04-18 12:42:25.203391
250	1	67	delta7	$2b$10$tdDh361Mp5zK5ahubLtffObpT2cARZ7MInZqdV8vigiR4JUPgIPVW	\N	\N	\N	t	f	0	2026-04-17 19:37:32.4716	0	2026-04-18 12:42:25.24495
251	1	68	delta8	$2b$10$qYPR/wBA.2aCmFQXq.NK1u.BH/fKdP6Vi6c8qz.xg/rcr4bd1P6v6	\N	\N	\N	t	f	0	2026-04-17 19:37:32.4716	0	2026-04-18 12:42:25.285925
252	1	69	delta9	$2b$10$RjNy2UjYGJWcH3YgqadSj.VmHd/1vN3KlzT3rC/77QxDz/em/QL7u	\N	\N	\N	t	f	0	2026-04-17 19:37:32.4716	0	2026-04-18 12:42:25.326893
253	1	70	delta10	$2b$10$PXDI9ThOtnv737uoPneVvODt2NerW/70w06ajU9ZY4aNpT9Skovq6	\N	\N	\N	t	f	0	2026-04-17 19:37:32.4716	0	2026-04-18 12:42:25.36775
254	1	71	delta11	$2b$10$W8h0fjfKbN/vF1aRSY60bOZ1/Z00JnIdw/SuhJyZ3eh6rriFWSqNq	\N	\N	\N	t	f	0	2026-04-17 19:37:32.4716	0	2026-04-18 12:42:25.408397
255	1	72	delta12	$2b$10$aKSNFxrOylbOX5c15Fhrq.8LaiAg79/yZFs.MKgA7FsygkNb3qrie	\N	\N	\N	t	f	0	2026-04-17 19:37:32.4716	0	2026-04-18 12:42:25.449197
256	1	73	delta13	$2b$10$3yGdjwlpPRWXK9BEt5qClufyzsJ44WfqYcgBKGlX.mW706TC96bzS	\N	\N	\N	t	f	0	2026-04-17 19:37:32.4716	0	2026-04-18 12:42:25.490036
257	1	74	delta14	$2b$10$mxa3KFcQic5462zCQJBED.J/plucwEiHVArzGbKasLkEOLtmwvq6C	\N	\N	\N	t	f	0	2026-04-17 19:37:32.4716	0	2026-04-18 12:42:25.540703
258	1	75	delta15	$2b$10$Nq.Yd0WF9B/dgl9A3lqB/OeKYHrh8HdLaut.uB6P2Dmefxkt8WNae	\N	\N	\N	t	f	0	2026-04-17 19:37:32.4716	0	2026-04-18 12:42:25.582834
259	1	76	delta16	$2b$10$iFguNOYcGDbq.r2RNsvVseYCT6ncZ7CxF0VqaypQitUr5jhaM4V7G	\N	\N	\N	t	f	0	2026-04-17 19:37:32.4716	0	2026-04-18 12:42:25.624205
260	1	77	delta17	$2b$10$qSLWqumAQwDcH2fH0jNMVOaS0QOjcm2gim1NgQDumx9jecZiAk8ce	\N	\N	\N	t	f	0	2026-04-17 19:37:32.4716	0	2026-04-18 12:42:25.665399
261	1	78	delta18	$2b$10$mmTqP5ubkY1/CjTWG5.pQ.hsGKYro/XmGfC4AXleM6cYmRpwbjge.	\N	\N	\N	t	f	0	2026-04-17 19:37:32.4716	0	2026-04-18 12:42:25.706665
262	1	21	beta55	$2b$10$BKk48gRqJwrFRoS7hbX6NOHwGKGsXycwGcD3p6gWqRiFZHYxeBnlS	\N	\N	\N	t	f	0	2026-04-18 14:11:34.55027	0	2026-04-18 14:11:34.55027
185	1	2	alpha2	$2b$10$66RxAXZcJjS0/fEp2r3eguqjpp4lN9WL89FfV/pZ948kLfGFJz2ry	\N	\N	\N	t	f	0	2026-04-17 19:37:32.4716	0	2026-04-18 12:42:22.580091
186	1	3	alpha3	$2b$10$CFg.nPGKx.DyYhikS7YZWeC55Yh7hBQlxh0o/2Qbuk4Y8BmJHXOzO	\N	\N	\N	t	f	0	2026-04-17 19:37:32.4716	0	2026-04-18 12:42:22.62117
187	1	4	alpha4	$2b$10$CAtn9x.1SNTZaWQVpRS64uc8n.UydsubryZpcrvWKt5Rg1ieVFyMu	\N	\N	\N	t	f	0	2026-04-17 19:37:32.4716	0	2026-04-18 12:42:22.662282
188	1	5	alpha5	$2b$10$ke/FFIK71npknikRFmk1wO9eEd1J5Wd.lC9b5BniuRlVW8t6Hlt7K	\N	\N	\N	t	f	0	2026-04-17 19:37:32.4716	0	2026-04-18 12:42:22.703227
189	1	6	alpha6	$2b$10$4sG1me79gvWX0laxPCfMJuG8Rhw/OguyuDfK2FWoym//aO8Fl7AwW	\N	\N	\N	t	f	0	2026-04-17 19:37:32.4716	0	2026-04-18 12:42:22.74421
190	1	7	alpha7	$2b$10$GI5QZu0uBq.YnNJS2FOt5OB5T.nZkZ.aD/6/07yW953jal3Az.Fy.	\N	\N	\N	t	f	0	2026-04-17 19:37:32.4716	0	2026-04-18 12:42:22.785602
191	1	8	alpha8	$2b$10$6yIrKeoc4.mHMT89JMlAUufFeCVpZIq/qKQui6yUGWLnq3A4UkY1u	\N	\N	\N	t	f	0	2026-04-17 19:37:32.4716	0	2026-04-18 12:42:22.826728
192	1	9	alpha9	$2b$10$4eidoQugg7qSRhurTODHEu6yHJJ4dnrEA4rLtThlqre4OCA8iNVqO	\N	\N	\N	t	f	0	2026-04-17 19:37:32.4716	0	2026-04-18 12:42:22.86803
193	1	10	alpha10	$2b$10$B9/UXtpLDuVlEu4jfhLdJ.5nHBnf0tBC/ekw5txmyS3fFBHGzF8gy	\N	\N	\N	t	f	0	2026-04-17 19:37:32.4716	0	2026-04-18 12:42:22.909105
194	1	11	alpha11	$2b$10$TBm8iQxSbie1N2biV9jpvud7LRWKVRDpzotVswdvZbXYAJs.u9jqG	\N	\N	\N	t	f	0	2026-04-17 19:37:32.4716	0	2026-04-18 12:42:22.95014
195	1	12	alpha12	$2b$10$Pcvp4o./Ay.ZXWfkaSXBG.IVg4IfbwMQm1d9i30DrG08dFgWvtO9u	\N	\N	\N	t	f	0	2026-04-17 19:37:32.4716	0	2026-04-18 12:42:22.991395
196	1	13	alpha13	$2b$10$IcSCQ5Um3ZVfpPPihYDWj.xdWpatQ2/h2sEBE/Xx6aDqCM3/Zl6xa	\N	\N	\N	t	f	0	2026-04-17 19:37:32.4716	0	2026-04-18 12:42:23.032731
197	1	14	alpha14	$2b$10$XU61HRdWi8ks0u3UkrgKp.2qbp3NPiPdcwDfXw8sHPr2AJ8I278HC	\N	\N	\N	t	f	0	2026-04-17 19:37:32.4716	0	2026-04-18 12:42:23.073807
198	1	15	alpha15	$2b$10$oJLgusnAzujmMyYX/MQVHejT1VqZt.SgbEj9LlDvBTbCGhkXKxinq	\N	\N	\N	t	f	0	2026-04-17 19:37:32.4716	0	2026-04-18 12:42:23.114715
200	1	17	alpha17	$2b$10$mKZMozSHirRv.dxFon/8peGqULdDL5qtcihDOCmO/IwEGX5j2MJ.S	\N	\N	\N	t	f	0	2026-04-17 19:37:32.4716	0	2026-04-18 12:42:23.19788
202	1	19	alpha19	$2b$10$T5cyUInWi.cK3e6O7XBA6uqIQOT.uhrHCVaIfvFqPsF5mEGYkVuV2	\N	\N	\N	t	f	0	2026-04-17 19:37:32.4716	0	2026-04-18 12:42:23.279428
203	1	20	alpha20	$2b$10$T.EIA.CsRZtDPDuzlACrLuP12G.R1Q/lzIdpetuAKbxZ.bVDb4i82	\N	\N	\N	t	f	0	2026-04-17 19:37:32.4716	0	2026-04-18 12:42:23.320223
205	1	22	beta2	$2b$10$Vvzpq6YFDOQ0QBKkH/8oK.wGDHMA7q.c3TsnclkwdX8gJkLdh1ddG	\N	\N	\N	t	f	0	2026-04-17 19:37:32.4716	0	2026-04-18 12:42:23.402445
207	1	24	beta4	$2b$10$D9Fn/z0jwUBUWjLoUKYyYe6xcCAiAakCI7PZ/WOlW57w8iifVwh7i	\N	\N	\N	t	f	0	2026-04-17 19:37:32.4716	0	2026-04-18 12:42:23.485418
209	1	26	beta6	$2b$10$THSWmaPkOlSAp773yrUbkeTZNF0eHKdN4l5VEMC7tsG8DO..J5Dt6	\N	\N	\N	t	f	0	2026-04-17 19:37:32.4716	0	2026-04-18 12:42:23.567224
210	1	27	beta7	$2b$10$yaG83QPjsT1fSjv30P4dGOHxtP6HUDH/T8aVgs3rTGbuRhJCUBi7i	\N	\N	\N	t	f	0	2026-04-17 19:37:32.4716	0	2026-04-18 12:42:23.60801
212	1	29	beta9	$2b$10$h8CQOkdlELKd5PbvbteLcuoyRVFg212xOdp2SdM/68/u3ZsSOg6Oe	\N	\N	\N	t	f	0	2026-04-17 19:37:32.4716	0	2026-04-18 12:42:23.689287
214	1	31	beta11	$2b$10$t9QCApuPIDCRossyWwPBZOLOWtwPQyjDPkAT7QyN1gVuv6b67WF32	\N	\N	\N	t	f	0	2026-04-17 19:37:32.4716	0	2026-04-18 12:42:23.771145
215	1	32	beta12	$2b$10$e.EjZdb/deZspCSf7RNgtuxSv2xkNZ6qjuIxDobhjYrBlJ7bsKYz2	\N	\N	\N	t	f	0	2026-04-17 19:37:32.4716	0	2026-04-18 12:42:23.812164
217	1	34	beta14	$2b$10$HSr/EpktLB1AIaPea6GOAuOcTQeyhYPSttT40ZGYFdI3H7Cb/l2Py	\N	\N	\N	t	f	0	2026-04-17 19:37:32.4716	0	2026-04-18 12:42:23.893978
219	1	36	beta16	$2b$10$6C/1C61drilHk1Po2cqqEOJ1kQBdwxNFUWm/e1kVHxE4VgmPK1Krq	\N	\N	\N	t	f	0	2026-04-17 19:37:32.4716	0	2026-04-18 12:42:23.975586
263	1	21	beta555	$2b$10$IoMixA0XLsUhI/sdENec6ORHzFM4XHmwylPwO/Bc.k8bsSLQc.g.q	NAND	9839144542		t	t	0	2026-04-18 14:22:40.053927	264	2026-04-18 16:48:26.867917
264	5	\N	admin	$2b$10$paX6sCLBgcAML0vN7inYC.UGG45gtEXPgeuM3miGkjK3sTTnOulUW	Prateek Khandelwal	123456789	prateek@gmail.com	t	f	0	2026-04-18 14:36:26.759031	0	2026-04-18 14:38:48.085492
267	2	\N	dispatcher	$2b$10$2Pyo/ARGZzC2VzEiHVqUzOUCAgrgcr1GH0soLqNc4DoMP1tx.3d.G	Shalini Chopra	123456788	shalini@gmail.com	t	f	0	2026-04-18 14:44:37.109741	0	2026-04-18 14:44:37.109741
199	1	16	alpha16	$2b$10$kBQ0uhPOMRCrmalnutBJC.I5aP21l9LmjSGnXBV8Nba61uuwoWnEW	\N	\N	\N	t	f	0	2026-04-17 19:37:32.4716	0	2026-04-18 12:42:23.155679
201	1	18	alpha18	$2b$10$7IXmK3fp8aRK3NGOgBCIiu/3Q./O2E1taCwicdvJEx2U/VPYG3IFW	\N	\N	\N	t	f	0	2026-04-17 19:37:32.4716	0	2026-04-18 12:42:23.238577
204	1	21	beta1	$2b$10$rVK82BTOmmg1Bo6ryFleT.tNaRvk4m/5O8mN9tMvZXcE6X/48xzsa	\N	\N	\N	t	f	0	2026-04-17 19:37:32.4716	0	2026-04-18 12:42:23.361199
206	1	23	beta3	$2b$10$90s2PRHg5UVO4GB2vCtWoucpL94/uDYRNVW0wZu3h7nrYUwbaSlVC	\N	\N	\N	t	f	0	2026-04-17 19:37:32.4716	0	2026-04-18 12:42:23.444311
208	1	25	beta5	$2b$10$OEjTpkrsmYLzmPy63zzG0ebZNqeFPbAiA41sLMpPfFG6j2mSUxX/K	\N	\N	\N	t	f	0	2026-04-17 19:37:32.4716	0	2026-04-18 12:42:23.526451
211	1	28	beta8	$2b$10$PaQpQiNTFwynUi81XLKPj.ld44uzUD1UMTDdXHjIbaM7o1GGTgtUe	\N	\N	\N	t	f	0	2026-04-17 19:37:32.4716	0	2026-04-18 12:42:23.648708
213	1	30	beta10	$2b$10$nr3Vc1FRAXwAeOKN7yla3.G/0Pyw6jtrNSDijNT5vKd9Eu82sU7fW	\N	\N	\N	t	f	0	2026-04-17 19:37:32.4716	0	2026-04-18 12:42:23.730244
\.


--
-- Data for Name: dealer_party; Type: TABLE DATA; Schema: public; Owner: ajitverma
--

COPY public.dealer_party (party_id, dealer_code, party_code, party_company_name, party_name, party_address, party_phone, party_email, party_is_active_flag, created_by, created_at, updated_by, updated_at) FROM stdin;
\.


--
-- Data for Name: odts_dealer_orders; Type: TABLE DATA; Schema: public; Owner: ajitverma
--

COPY public.odts_dealer_orders (order_id, dealer_id, product_id, source_location_id, order_quantity, order_start_date, order_status, created_at, updated_at) FROM stdin;
\.


--
-- Data for Name: odts_dealers; Type: TABLE DATA; Schema: public; Owner: ajitverma
--

COPY public.odts_dealers (dealer_id, dealer_name, dealer_code, dealer_phone, dealer_address, dealer_is_active_flag, created_at, updated_at) FROM stdin;
\.


--
-- Data for Name: odts_locations; Type: TABLE DATA; Schema: public; Owner: ajitverma
--

COPY public.odts_locations (location_id, location_name, location_desc, location_is_active_flag, created_at, updated_at) FROM stdin;
\.


--
-- Data for Name: odts_order_dispatch; Type: TABLE DATA; Schema: public; Owner: ajitverma
--

COPY public.odts_order_dispatch (dispatch_id, order_id, driver_id, dispatch_vehicle_number, built_number, dispatch_receipt, created_at, updated_at) FROM stdin;
\.


--
-- Data for Name: odts_products; Type: TABLE DATA; Schema: public; Owner: ajitverma
--

COPY public.odts_products (product_id, product_name, product_desc, product_is_active_flag, created_at, updated_at) FROM stdin;
\.


--
-- Data for Name: odts_user_roles; Type: TABLE DATA; Schema: public; Owner: ajitverma
--

COPY public.odts_user_roles (role_id, role_name, role_desc, created_at, updated_at) FROM stdin;
\.


--
-- Data for Name: odts_users; Type: TABLE DATA; Schema: public; Owner: ajitverma
--

COPY public.odts_users (user_id, user_name, user_phone, user_email, password_hash, user_is_active_flag, user_role_id, dealer_id, created_at, updated_at) FROM stdin;
\.


--
-- Name: dealer_orders_order_id_seq; Type: SEQUENCE SET; Schema: odts; Owner: odts_admin
--

SELECT pg_catalog.setval('odts.dealer_orders_order_id_seq', 8, true);


--
-- Name: dealer_party_party_id_seq; Type: SEQUENCE SET; Schema: odts; Owner: ajitverma
--

SELECT pg_catalog.setval('odts.dealer_party_party_id_seq', 329, true);


--
-- Name: dealers_dealer_id_seq; Type: SEQUENCE SET; Schema: odts; Owner: ajitverma
--

SELECT pg_catalog.setval('odts.dealers_dealer_id_seq', 78, true);


--
-- Name: order_dispatch_dispatch_id_seq; Type: SEQUENCE SET; Schema: odts; Owner: odts_admin
--

SELECT pg_catalog.setval('odts.order_dispatch_dispatch_id_seq', 1, false);


--
-- Name: products_product_id_seq; Type: SEQUENCE SET; Schema: odts; Owner: odts_admin
--

SELECT pg_catalog.setval('odts.products_product_id_seq', 3, true);


--
-- Name: user_login_audit_login_audit_id_seq; Type: SEQUENCE SET; Schema: odts; Owner: ajitverma
--

SELECT pg_catalog.setval('odts.user_login_audit_login_audit_id_seq', 44, true);


--
-- Name: user_roles_role_id_seq; Type: SEQUENCE SET; Schema: odts; Owner: odts_admin
--

SELECT pg_catalog.setval('odts.user_roles_role_id_seq', 5, true);


--
-- Name: users_user_id_seq; Type: SEQUENCE SET; Schema: odts; Owner: ajitverma
--

SELECT pg_catalog.setval('odts.users_user_id_seq', 267, true);


--
-- Name: dealer_party_party_id_seq; Type: SEQUENCE SET; Schema: public; Owner: ajitverma
--

SELECT pg_catalog.setval('public.dealer_party_party_id_seq', 1, false);


--
-- Name: odts_dealer_orders_order_id_seq; Type: SEQUENCE SET; Schema: public; Owner: ajitverma
--

SELECT pg_catalog.setval('public.odts_dealer_orders_order_id_seq', 1, false);


--
-- Name: odts_dealers_dealer_id_seq; Type: SEQUENCE SET; Schema: public; Owner: ajitverma
--

SELECT pg_catalog.setval('public.odts_dealers_dealer_id_seq', 1, false);


--
-- Name: odts_locations_location_id_seq; Type: SEQUENCE SET; Schema: public; Owner: ajitverma
--

SELECT pg_catalog.setval('public.odts_locations_location_id_seq', 1, false);


--
-- Name: odts_order_dispatch_dispatch_id_seq; Type: SEQUENCE SET; Schema: public; Owner: ajitverma
--

SELECT pg_catalog.setval('public.odts_order_dispatch_dispatch_id_seq', 1, false);


--
-- Name: odts_products_product_id_seq; Type: SEQUENCE SET; Schema: public; Owner: ajitverma
--

SELECT pg_catalog.setval('public.odts_products_product_id_seq', 1, false);


--
-- Name: odts_user_roles_role_id_seq; Type: SEQUENCE SET; Schema: public; Owner: ajitverma
--

SELECT pg_catalog.setval('public.odts_user_roles_role_id_seq', 1, false);


--
-- Name: odts_users_user_id_seq; Type: SEQUENCE SET; Schema: public; Owner: ajitverma
--

SELECT pg_catalog.setval('public.odts_users_user_id_seq', 1, false);


--
-- Name: code_reference code_reference_pkey; Type: CONSTRAINT; Schema: odts; Owner: ajitverma
--

ALTER TABLE ONLY odts.code_reference
    ADD CONSTRAINT code_reference_pkey PRIMARY KEY (code);


--
-- Name: dealer_orders dealer_orders_pkey; Type: CONSTRAINT; Schema: odts; Owner: odts_admin
--

ALTER TABLE ONLY odts.dealer_orders
    ADD CONSTRAINT dealer_orders_pkey PRIMARY KEY (order_id);


--
-- Name: dealer_party dealer_party_pkey; Type: CONSTRAINT; Schema: odts; Owner: ajitverma
--

ALTER TABLE ONLY odts.dealer_party
    ADD CONSTRAINT dealer_party_pkey PRIMARY KEY (party_id);


--
-- Name: dealers dealers_dealer_code_key; Type: CONSTRAINT; Schema: odts; Owner: ajitverma
--

ALTER TABLE ONLY odts.dealers
    ADD CONSTRAINT dealers_dealer_code_key UNIQUE (dealer_code);


--
-- Name: dealers dealers_pkey; Type: CONSTRAINT; Schema: odts; Owner: ajitverma
--

ALTER TABLE ONLY odts.dealers
    ADD CONSTRAINT dealers_pkey PRIMARY KEY (dealer_id);


--
-- Name: order_dispatch order_dispatch_pkey; Type: CONSTRAINT; Schema: odts; Owner: odts_admin
--

ALTER TABLE ONLY odts.order_dispatch
    ADD CONSTRAINT order_dispatch_pkey PRIMARY KEY (dispatch_id);


--
-- Name: products products_pkey; Type: CONSTRAINT; Schema: odts; Owner: odts_admin
--

ALTER TABLE ONLY odts.products
    ADD CONSTRAINT products_pkey PRIMARY KEY (product_id);


--
-- Name: products products_product_name_key; Type: CONSTRAINT; Schema: odts; Owner: odts_admin
--

ALTER TABLE ONLY odts.products
    ADD CONSTRAINT products_product_name_key UNIQUE (product_name);


--
-- Name: user_login_audit user_login_audit_pkey; Type: CONSTRAINT; Schema: odts; Owner: ajitverma
--

ALTER TABLE ONLY odts.user_login_audit
    ADD CONSTRAINT user_login_audit_pkey PRIMARY KEY (login_audit_id);


--
-- Name: user_roles user_roles_pkey; Type: CONSTRAINT; Schema: odts; Owner: odts_admin
--

ALTER TABLE ONLY odts.user_roles
    ADD CONSTRAINT user_roles_pkey PRIMARY KEY (role_id);


--
-- Name: user_roles user_roles_role_name_key; Type: CONSTRAINT; Schema: odts; Owner: odts_admin
--

ALTER TABLE ONLY odts.user_roles
    ADD CONSTRAINT user_roles_role_name_key UNIQUE (role_name);


--
-- Name: users users_pkey; Type: CONSTRAINT; Schema: odts; Owner: ajitverma
--

ALTER TABLE ONLY odts.users
    ADD CONSTRAINT users_pkey PRIMARY KEY (user_id);


--
-- Name: users users_user_phone_key; Type: CONSTRAINT; Schema: odts; Owner: ajitverma
--

ALTER TABLE ONLY odts.users
    ADD CONSTRAINT users_user_phone_key UNIQUE (user_phone);


--
-- Name: dealer_party dealer_party_pkey; Type: CONSTRAINT; Schema: public; Owner: ajitverma
--

ALTER TABLE ONLY public.dealer_party
    ADD CONSTRAINT dealer_party_pkey PRIMARY KEY (party_id);


--
-- Name: odts_dealer_orders odts_dealer_orders_pkey; Type: CONSTRAINT; Schema: public; Owner: ajitverma
--

ALTER TABLE ONLY public.odts_dealer_orders
    ADD CONSTRAINT odts_dealer_orders_pkey PRIMARY KEY (order_id);


--
-- Name: odts_dealers odts_dealers_dealer_code_key; Type: CONSTRAINT; Schema: public; Owner: ajitverma
--

ALTER TABLE ONLY public.odts_dealers
    ADD CONSTRAINT odts_dealers_dealer_code_key UNIQUE (dealer_code);


--
-- Name: odts_dealers odts_dealers_pkey; Type: CONSTRAINT; Schema: public; Owner: ajitverma
--

ALTER TABLE ONLY public.odts_dealers
    ADD CONSTRAINT odts_dealers_pkey PRIMARY KEY (dealer_id);


--
-- Name: odts_locations odts_locations_location_name_key; Type: CONSTRAINT; Schema: public; Owner: ajitverma
--

ALTER TABLE ONLY public.odts_locations
    ADD CONSTRAINT odts_locations_location_name_key UNIQUE (location_name);


--
-- Name: odts_locations odts_locations_pkey; Type: CONSTRAINT; Schema: public; Owner: ajitverma
--

ALTER TABLE ONLY public.odts_locations
    ADD CONSTRAINT odts_locations_pkey PRIMARY KEY (location_id);


--
-- Name: odts_order_dispatch odts_order_dispatch_pkey; Type: CONSTRAINT; Schema: public; Owner: ajitverma
--

ALTER TABLE ONLY public.odts_order_dispatch
    ADD CONSTRAINT odts_order_dispatch_pkey PRIMARY KEY (dispatch_id);


--
-- Name: odts_products odts_products_pkey; Type: CONSTRAINT; Schema: public; Owner: ajitverma
--

ALTER TABLE ONLY public.odts_products
    ADD CONSTRAINT odts_products_pkey PRIMARY KEY (product_id);


--
-- Name: odts_products odts_products_product_name_key; Type: CONSTRAINT; Schema: public; Owner: ajitverma
--

ALTER TABLE ONLY public.odts_products
    ADD CONSTRAINT odts_products_product_name_key UNIQUE (product_name);


--
-- Name: odts_user_roles odts_user_roles_pkey; Type: CONSTRAINT; Schema: public; Owner: ajitverma
--

ALTER TABLE ONLY public.odts_user_roles
    ADD CONSTRAINT odts_user_roles_pkey PRIMARY KEY (role_id);


--
-- Name: odts_user_roles odts_user_roles_role_name_key; Type: CONSTRAINT; Schema: public; Owner: ajitverma
--

ALTER TABLE ONLY public.odts_user_roles
    ADD CONSTRAINT odts_user_roles_role_name_key UNIQUE (role_name);


--
-- Name: odts_users odts_users_pkey; Type: CONSTRAINT; Schema: public; Owner: ajitverma
--

ALTER TABLE ONLY public.odts_users
    ADD CONSTRAINT odts_users_pkey PRIMARY KEY (user_id);


--
-- Name: odts_users odts_users_user_email_key; Type: CONSTRAINT; Schema: public; Owner: ajitverma
--

ALTER TABLE ONLY public.odts_users
    ADD CONSTRAINT odts_users_user_email_key UNIQUE (user_email);


--
-- Name: odts_users odts_users_user_phone_key; Type: CONSTRAINT; Schema: public; Owner: ajitverma
--

ALTER TABLE ONLY public.odts_users
    ADD CONSTRAINT odts_users_user_phone_key UNIQUE (user_phone);


--
-- Name: odts_dealer_orders odts_dealer_orders_dealer_id_fkey; Type: FK CONSTRAINT; Schema: public; Owner: ajitverma
--

ALTER TABLE ONLY public.odts_dealer_orders
    ADD CONSTRAINT odts_dealer_orders_dealer_id_fkey FOREIGN KEY (dealer_id) REFERENCES public.odts_dealers(dealer_id);


--
-- Name: odts_dealer_orders odts_dealer_orders_dealer_id_fkey1; Type: FK CONSTRAINT; Schema: public; Owner: ajitverma
--

ALTER TABLE ONLY public.odts_dealer_orders
    ADD CONSTRAINT odts_dealer_orders_dealer_id_fkey1 FOREIGN KEY (dealer_id) REFERENCES public.odts_dealers(dealer_id);


--
-- Name: odts_dealer_orders odts_dealer_orders_product_id_fkey; Type: FK CONSTRAINT; Schema: public; Owner: ajitverma
--

ALTER TABLE ONLY public.odts_dealer_orders
    ADD CONSTRAINT odts_dealer_orders_product_id_fkey FOREIGN KEY (product_id) REFERENCES public.odts_products(product_id);


--
-- Name: odts_dealer_orders odts_dealer_orders_product_id_fkey1; Type: FK CONSTRAINT; Schema: public; Owner: ajitverma
--

ALTER TABLE ONLY public.odts_dealer_orders
    ADD CONSTRAINT odts_dealer_orders_product_id_fkey1 FOREIGN KEY (product_id) REFERENCES public.odts_products(product_id);


--
-- Name: odts_dealer_orders odts_dealer_orders_source_location_id_fkey; Type: FK CONSTRAINT; Schema: public; Owner: ajitverma
--

ALTER TABLE ONLY public.odts_dealer_orders
    ADD CONSTRAINT odts_dealer_orders_source_location_id_fkey FOREIGN KEY (source_location_id) REFERENCES public.odts_locations(location_id);


--
-- Name: odts_dealer_orders odts_dealer_orders_source_location_id_fkey1; Type: FK CONSTRAINT; Schema: public; Owner: ajitverma
--

ALTER TABLE ONLY public.odts_dealer_orders
    ADD CONSTRAINT odts_dealer_orders_source_location_id_fkey1 FOREIGN KEY (source_location_id) REFERENCES public.odts_locations(location_id);


--
-- Name: odts_users odts_users_dealer_id_fkey; Type: FK CONSTRAINT; Schema: public; Owner: ajitverma
--

ALTER TABLE ONLY public.odts_users
    ADD CONSTRAINT odts_users_dealer_id_fkey FOREIGN KEY (dealer_id) REFERENCES public.odts_dealers(dealer_id);


--
-- Name: odts_users odts_users_dealer_id_fkey1; Type: FK CONSTRAINT; Schema: public; Owner: ajitverma
--

ALTER TABLE ONLY public.odts_users
    ADD CONSTRAINT odts_users_dealer_id_fkey1 FOREIGN KEY (dealer_id) REFERENCES public.odts_dealers(dealer_id);


--
-- Name: odts_users odts_users_user_role_id_fkey; Type: FK CONSTRAINT; Schema: public; Owner: ajitverma
--

ALTER TABLE ONLY public.odts_users
    ADD CONSTRAINT odts_users_user_role_id_fkey FOREIGN KEY (user_role_id) REFERENCES public.odts_user_roles(role_id) ON DELETE RESTRICT;


--
-- Name: odts_users odts_users_user_role_id_fkey1; Type: FK CONSTRAINT; Schema: public; Owner: ajitverma
--

ALTER TABLE ONLY public.odts_users
    ADD CONSTRAINT odts_users_user_role_id_fkey1 FOREIGN KEY (user_role_id) REFERENCES public.odts_user_roles(role_id) ON DELETE RESTRICT;


--
-- Name: TABLE code_reference; Type: ACL; Schema: odts; Owner: ajitverma
--

GRANT ALL ON TABLE odts.code_reference TO odts_admin;


--
-- Name: TABLE dealer_party; Type: ACL; Schema: odts; Owner: ajitverma
--

GRANT ALL ON TABLE odts.dealer_party TO odts_admin;


--
-- Name: TABLE dealers; Type: ACL; Schema: odts; Owner: ajitverma
--

GRANT ALL ON TABLE odts.dealers TO odts_admin;


--
-- Name: TABLE user_login_audit; Type: ACL; Schema: odts; Owner: ajitverma
--

GRANT ALL ON TABLE odts.user_login_audit TO odts_admin;


--
-- Name: TABLE users; Type: ACL; Schema: odts; Owner: ajitverma
--

GRANT ALL ON TABLE odts.users TO odts_admin;


--
-- Name: DEFAULT PRIVILEGES FOR TABLES; Type: DEFAULT ACL; Schema: odts; Owner: ajitverma
--

ALTER DEFAULT PRIVILEGES FOR ROLE ajitverma IN SCHEMA odts GRANT ALL ON TABLES TO odts_admin;


--
-- PostgreSQL database dump complete
--

\unrestrict TNmTPAOSHZkzesSCMeydt0vNRyqpufKAc3DsnIwTGmzaxQXAFJ7bs0WcIdWroRJ

